{"v":"4.10.1","fr":25,"ip":0,"op":125,"w":800,"h":800,"nm":"akun2","ddd":0,"assets":[{"id":"comp_0","layers":[{"ddd":0,"ind":1,"ty":4,"nm":"Shape Layer 8","sr":1,"ks":{"o":{"a":0,"k":100,"ix":11},"r":{"a":0,"k":315,"ix":10},"p":{"a":0,"k":[400,400,0],"ix":2},"a":{"a":0,"k":[0,0,0],"ix":1},"s":{"a":0,"k":[100,100,100],"ix":6}},"ao":0,"shapes":[{"ty":"gr","it":[{"ind":0,"ty":"sh","ix":1,"ks":{"a":0,"k":{"i":[[0,0],[0,0]],"o":[[0,0],[0,0]],"v":[[2,-162],[2,-318]],"c":false},"ix":2},"nm":"Path 1","mn":"ADBE Vector Shape - Group","hd":false},{"ty":"fl","c":{"a":0,"k":[1,1,1,1],"ix":4},"o":{"a":0,"k":100,"ix":5},"r":1,"nm":"Fill 1","mn":"ADBE Vector Graphic - Fill","hd":false},{"ty":"tr","p":{"a":0,"k":[0,0],"ix":2},"a":{"a":0,"k":[0,0],"ix":1},"s":{"a":0,"k":[100,100],"ix":3},"r":{"a":0,"k":0,"ix":6},"o":{"a":0,"k":100,"ix":7},"sk":{"a":0,"k":0,"ix":4},"sa":{"a":0,"k":0,"ix":5},"nm":"Transform"}],"nm":"Shape 1","np":2,"cix":2,"ix":1,"mn":"ADBE Vector Group","hd":false},{"ty":"tm","s":{"a":1,"k":[{"i":{"x":[0.667],"y":[1]},"o":{"x":[0.816],"y":[0]},"n":["0p667_1_0p816_0"],"t":5,"s":[0],"e":[100]},{"t":12}],"ix":1},"e":{"a":1,"k":[{"i":{"x":[0.833],"y":[0.833]},"o":{"x":[0.583],"y":[0]},"n":["0p833_0p833_0p583_0"],"t":0,"s":[0],"e":[100]},{"t":8}],"ix":2},"o":{"a":0,"k":0,"ix":3},"m":1,"ix":2,"nm":"Trim Paths 1","mn":"ADBE Vector Filter - Trim","hd":false},{"ty":"st","c":{"a":0,"k":[1,1,1,1],"ix":3},"o":{"a":0,"k":100,"ix":4},"w":{"a":0,"k":21,"ix":5},"lc":2,"lj":2,"nm":"Stroke 1","mn":"ADBE Vector Graphic - Stroke","hd":false}],"ip":0,"op":16,"st":0,"bm":0},{"ddd":0,"ind":2,"ty":4,"nm":"Shape Layer 7","sr":1,"ks":{"o":{"a":0,"k":100,"ix":11},"r":{"a":0,"k":270,"ix":10},"p":{"a":0,"k":[400,400,0],"ix":2},"a":{"a":0,"k":[0,0,0],"ix":1},"s":{"a":0,"k":[100,100,100],"ix":6}},"ao":0,"shapes":[{"ty":"gr","it":[{"ind":0,"ty":"sh","ix":1,"ks":{"a":0,"k":{"i":[[0,0],[0,0]],"o":[[0,0],[0,0]],"v":[[2,-162],[2,-318]],"c":false},"ix":2},"nm":"Path 1","mn":"ADBE Vector Shape - Group","hd":false},{"ty":"fl","c":{"a":0,"k":[1,1,1,1],"ix":4},"o":{"a":0,"k":100,"ix":5},"r":1,"nm":"Fill 1","mn":"ADBE Vector Graphic - Fill","hd":false},{"ty":"tr","p":{"a":0,"k":[0,0],"ix":2},"a":{"a":0,"k":[0,0],"ix":1},"s":{"a":0,"k":[100,100],"ix":3},"r":{"a":0,"k":0,"ix":6},"o":{"a":0,"k":100,"ix":7},"sk":{"a":0,"k":0,"ix":4},"sa":{"a":0,"k":0,"ix":5},"nm":"Transform"}],"nm":"Shape 1","np":2,"cix":2,"ix":1,"mn":"ADBE Vector Group","hd":false},{"ty":"tm","s":{"a":1,"k":[{"i":{"x":[0.667],"y":[1]},"o":{"x":[0.816],"y":[0]},"n":["0p667_1_0p816_0"],"t":5,"s":[0],"e":[100]},{"t":12}],"ix":1},"e":{"a":1,"k":[{"i":{"x":[0.833],"y":[0.833]},"o":{"x":[0.583],"y":[0]},"n":["0p833_0p833_0p583_0"],"t":0,"s":[0],"e":[100]},{"t":8}],"ix":2},"o":{"a":0,"k":0,"ix":3},"m":1,"ix":2,"nm":"Trim Paths 1","mn":"ADBE Vector Filter - Trim","hd":false},{"ty":"st","c":{"a":0,"k":[1,1,1,1],"ix":3},"o":{"a":0,"k":100,"ix":4},"w":{"a":0,"k":21,"ix":5},"lc":2,"lj":2,"nm":"Stroke 1","mn":"ADBE Vector Graphic - Stroke","hd":false}],"ip":0,"op":16,"st":0,"bm":0},{"ddd":0,"ind":3,"ty":4,"nm":"Shape Layer 6","sr":1,"ks":{"o":{"a":0,"k":100,"ix":11},"r":{"a":0,"k":225,"ix":10},"p":{"a":0,"k":[400,400,0],"ix":2},"a":{"a":0,"k":[0,0,0],"ix":1},"s":{"a":0,"k":[100,100,100],"ix":6}},"ao":0,"shapes":[{"ty":"gr","it":[{"ind":0,"ty":"sh","ix":1,"ks":{"a":0,"k":{"i":[[0,0],[0,0]],"o":[[0,0],[0,0]],"v":[[2,-162],[2,-318]],"c":false},"ix":2},"nm":"Path 1","mn":"ADBE Vector Shape - Group","hd":false},{"ty":"fl","c":{"a":0,"k":[1,1,1,1],"ix":4},"o":{"a":0,"k":100,"ix":5},"r":1,"nm":"Fill 1","mn":"ADBE Vector Graphic - Fill","hd":false},{"ty":"tr","p":{"a":0,"k":[0,0],"ix":2},"a":{"a":0,"k":[0,0],"ix":1},"s":{"a":0,"k":[100,100],"ix":3},"r":{"a":0,"k":0,"ix":6},"o":{"a":0,"k":100,"ix":7},"sk":{"a":0,"k":0,"ix":4},"sa":{"a":0,"k":0,"ix":5},"nm":"Transform"}],"nm":"Shape 1","np":2,"cix":2,"ix":1,"mn":"ADBE Vector Group","hd":false},{"ty":"tm","s":{"a":1,"k":[{"i":{"x":[0.667],"y":[1]},"o":{"x":[0.816],"y":[0]},"n":["0p667_1_0p816_0"],"t":5,"s":[0],"e":[100]},{"t":12}],"ix":1},"e":{"a":1,"k":[{"i":{"x":[0.833],"y":[0.833]},"o":{"x":[0.583],"y":[0]},"n":["0p833_0p833_0p583_0"],"t":0,"s":[0],"e":[100]},{"t":8}],"ix":2},"o":{"a":0,"k":0,"ix":3},"m":1,"ix":2,"nm":"Trim Paths 1","mn":"ADBE Vector Filter - Trim","hd":false},{"ty":"st","c":{"a":0,"k":[1,1,1,1],"ix":3},"o":{"a":0,"k":100,"ix":4},"w":{"a":0,"k":21,"ix":5},"lc":2,"lj":2,"nm":"Stroke 1","mn":"ADBE Vector Graphic - Stroke","hd":false}],"ip":0,"op":16,"st":0,"bm":0},{"ddd":0,"ind":4,"ty":4,"nm":"Shape Layer 5","sr":1,"ks":{"o":{"a":0,"k":100,"ix":11},"r":{"a":0,"k":180,"ix":10},"p":{"a":0,"k":[400,400,0],"ix":2},"a":{"a":0,"k":[0,0,0],"ix":1},"s":{"a":0,"k":[100,100,100],"ix":6}},"ao":0,"shapes":[{"ty":"gr","it":[{"ind":0,"ty":"sh","ix":1,"ks":{"a":0,"k":{"i":[[0,0],[0,0]],"o":[[0,0],[0,0]],"v":[[2,-162],[2,-318]],"c":false},"ix":2},"nm":"Path 1","mn":"ADBE Vector Shape - Group","hd":false},{"ty":"fl","c":{"a":0,"k":[1,1,1,1],"ix":4},"o":{"a":0,"k":100,"ix":5},"r":1,"nm":"Fill 1","mn":"ADBE Vector Graphic - Fill","hd":false},{"ty":"tr","p":{"a":0,"k":[0,0],"ix":2},"a":{"a":0,"k":[0,0],"ix":1},"s":{"a":0,"k":[100,100],"ix":3},"r":{"a":0,"k":0,"ix":6},"o":{"a":0,"k":100,"ix":7},"sk":{"a":0,"k":0,"ix":4},"sa":{"a":0,"k":0,"ix":5},"nm":"Transform"}],"nm":"Shape 1","np":2,"cix":2,"ix":1,"mn":"ADBE Vector Group","hd":false},{"ty":"tm","s":{"a":1,"k":[{"i":{"x":[0.667],"y":[1]},"o":{"x":[0.816],"y":[0]},"n":["0p667_1_0p816_0"],"t":5,"s":[0],"e":[100]},{"t":12}],"ix":1},"e":{"a":1,"k":[{"i":{"x":[0.833],"y":[0.833]},"o":{"x":[0.583],"y":[0]},"n":["0p833_0p833_0p583_0"],"t":0,"s":[0],"e":[100]},{"t":8}],"ix":2},"o":{"a":0,"k":0,"ix":3},"m":1,"ix":2,"nm":"Trim Paths 1","mn":"ADBE Vector Filter - Trim","hd":false},{"ty":"st","c":{"a":0,"k":[1,1,1,1],"ix":3},"o":{"a":0,"k":100,"ix":4},"w":{"a":0,"k":21,"ix":5},"lc":2,"lj":2,"nm":"Stroke 1","mn":"ADBE Vector Graphic - Stroke","hd":false}],"ip":0,"op":16,"st":0,"bm":0},{"ddd":0,"ind":5,"ty":4,"nm":"Shape Layer 4","sr":1,"ks":{"o":{"a":0,"k":100,"ix":11},"r":{"a":0,"k":135,"ix":10},"p":{"a":0,"k":[400,400,0],"ix":2},"a":{"a":0,"k":[0,0,0],"ix":1},"s":{"a":0,"k":[100,100,100],"ix":6}},"ao":0,"shapes":[{"ty":"gr","it":[{"ind":0,"ty":"sh","ix":1,"ks":{"a":0,"k":{"i":[[0,0],[0,0]],"o":[[0,0],[0,0]],"v":[[2,-162],[2,-318]],"c":false},"ix":2},"nm":"Path 1","mn":"ADBE Vector Shape - Group","hd":false},{"ty":"fl","c":{"a":0,"k":[1,1,1,1],"ix":4},"o":{"a":0,"k":100,"ix":5},"r":1,"nm":"Fill 1","mn":"ADBE Vector Graphic - Fill","hd":false},{"ty":"tr","p":{"a":0,"k":[0,0],"ix":2},"a":{"a":0,"k":[0,0],"ix":1},"s":{"a":0,"k":[100,100],"ix":3},"r":{"a":0,"k":0,"ix":6},"o":{"a":0,"k":100,"ix":7},"sk":{"a":0,"k":0,"ix":4},"sa":{"a":0,"k":0,"ix":5},"nm":"Transform"}],"nm":"Shape 1","np":2,"cix":2,"ix":1,"mn":"ADBE Vector Group","hd":false},{"ty":"tm","s":{"a":1,"k":[{"i":{"x":[0.667],"y":[1]},"o":{"x":[0.816],"y":[0]},"n":["0p667_1_0p816_0"],"t":5,"s":[0],"e":[100]},{"t":12}],"ix":1},"e":{"a":1,"k":[{"i":{"x":[0.833],"y":[0.833]},"o":{"x":[0.583],"y":[0]},"n":["0p833_0p833_0p583_0"],"t":0,"s":[0],"e":[100]},{"t":8}],"ix":2},"o":{"a":0,"k":0,"ix":3},"m":1,"ix":2,"nm":"Trim Paths 1","mn":"ADBE Vector Filter - Trim","hd":false},{"ty":"st","c":{"a":0,"k":[1,1,1,1],"ix":3},"o":{"a":0,"k":100,"ix":4},"w":{"a":0,"k":21,"ix":5},"lc":2,"lj":2,"nm":"Stroke 1","mn":"ADBE Vector Graphic - Stroke","hd":false}],"ip":0,"op":16,"st":0,"bm":0},{"ddd":0,"ind":6,"ty":4,"nm":"Shape Layer 3","sr":1,"ks":{"o":{"a":0,"k":100,"ix":11},"r":{"a":0,"k":90,"ix":10},"p":{"a":0,"k":[400,400,0],"ix":2},"a":{"a":0,"k":[0,0,0],"ix":1},"s":{"a":0,"k":[100,100,100],"ix":6}},"ao":0,"shapes":[{"ty":"gr","it":[{"ind":0,"ty":"sh","ix":1,"ks":{"a":0,"k":{"i":[[0,0],[0,0]],"o":[[0,0],[0,0]],"v":[[2,-162],[2,-318]],"c":false},"ix":2},"nm":"Path 1","mn":"ADBE Vector Shape - Group","hd":false},{"ty":"fl","c":{"a":0,"k":[1,1,1,1],"ix":4},"o":{"a":0,"k":100,"ix":5},"r":1,"nm":"Fill 1","mn":"ADBE Vector Graphic - Fill","hd":false},{"ty":"tr","p":{"a":0,"k":[0,0],"ix":2},"a":{"a":0,"k":[0,0],"ix":1},"s":{"a":0,"k":[100,100],"ix":3},"r":{"a":0,"k":0,"ix":6},"o":{"a":0,"k":100,"ix":7},"sk":{"a":0,"k":0,"ix":4},"sa":{"a":0,"k":0,"ix":5},"nm":"Transform"}],"nm":"Shape 1","np":2,"cix":2,"ix":1,"mn":"ADBE Vector Group","hd":false},{"ty":"tm","s":{"a":1,"k":[{"i":{"x":[0.667],"y":[1]},"o":{"x":[0.816],"y":[0]},"n":["0p667_1_0p816_0"],"t":5,"s":[0],"e":[100]},{"t":12}],"ix":1},"e":{"a":1,"k":[{"i":{"x":[0.833],"y":[0.833]},"o":{"x":[0.583],"y":[0]},"n":["0p833_0p833_0p583_0"],"t":0,"s":[0],"e":[100]},{"t":8}],"ix":2},"o":{"a":0,"k":0,"ix":3},"m":1,"ix":2,"nm":"Trim Paths 1","mn":"ADBE Vector Filter - Trim","hd":false},{"ty":"st","c":{"a":0,"k":[1,1,1,1],"ix":3},"o":{"a":0,"k":100,"ix":4},"w":{"a":0,"k":21,"ix":5},"lc":2,"lj":2,"nm":"Stroke 1","mn":"ADBE Vector Graphic - Stroke","hd":false}],"ip":0,"op":16,"st":0,"bm":0},{"ddd":0,"ind":7,"ty":4,"nm":"Shape Layer 2","sr":1,"ks":{"o":{"a":0,"k":100,"ix":11},"r":{"a":0,"k":45,"ix":10},"p":{"a":0,"k":[400,400,0],"ix":2},"a":{"a":0,"k":[0,0,0],"ix":1},"s":{"a":0,"k":[100,100,100],"ix":6}},"ao":0,"shapes":[{"ty":"gr","it":[{"ind":0,"ty":"sh","ix":1,"ks":{"a":0,"k":{"i":[[0,0],[0,0]],"o":[[0,0],[0,0]],"v":[[2,-162],[2,-318]],"c":false},"ix":2},"nm":"Path 1","mn":"ADBE Vector Shape - Group","hd":false},{"ty":"fl","c":{"a":0,"k":[1,1,1,1],"ix":4},"o":{"a":0,"k":100,"ix":5},"r":1,"nm":"Fill 1","mn":"ADBE Vector Graphic - Fill","hd":false},{"ty":"tr","p":{"a":0,"k":[0,0],"ix":2},"a":{"a":0,"k":[0,0],"ix":1},"s":{"a":0,"k":[100,100],"ix":3},"r":{"a":0,"k":0,"ix":6},"o":{"a":0,"k":100,"ix":7},"sk":{"a":0,"k":0,"ix":4},"sa":{"a":0,"k":0,"ix":5},"nm":"Transform"}],"nm":"Shape 1","np":2,"cix":2,"ix":1,"mn":"ADBE Vector Group","hd":false},{"ty":"tm","s":{"a":1,"k":[{"i":{"x":[0.667],"y":[1]},"o":{"x":[0.816],"y":[0]},"n":["0p667_1_0p816_0"],"t":5,"s":[0],"e":[100]},{"t":12}],"ix":1},"e":{"a":1,"k":[{"i":{"x":[0.833],"y":[0.833]},"o":{"x":[0.583],"y":[0]},"n":["0p833_0p833_0p583_0"],"t":0,"s":[0],"e":[100]},{"t":8}],"ix":2},"o":{"a":0,"k":0,"ix":3},"m":1,"ix":2,"nm":"Trim Paths 1","mn":"ADBE Vector Filter - Trim","hd":false},{"ty":"st","c":{"a":0,"k":[1,1,1,1],"ix":3},"o":{"a":0,"k":100,"ix":4},"w":{"a":0,"k":21,"ix":5},"lc":2,"lj":2,"nm":"Stroke 1","mn":"ADBE Vector Graphic - Stroke","hd":false}],"ip":0,"op":16,"st":0,"bm":0},{"ddd":0,"ind":8,"ty":4,"nm":"Shape Layer 1","sr":1,"ks":{"o":{"a":0,"k":100,"ix":11},"r":{"a":0,"k":0,"ix":10},"p":{"a":0,"k":[400,400,0],"ix":2},"a":{"a":0,"k":[0,0,0],"ix":1},"s":{"a":0,"k":[100,100,100],"ix":6}},"ao":0,"shapes":[{"ty":"gr","it":[{"ind":0,"ty":"sh","ix":1,"ks":{"a":0,"k":{"i":[[0,0],[0,0]],"o":[[0,0],[0,0]],"v":[[2,-162],[2,-318]],"c":false},"ix":2},"nm":"Path 1","mn":"ADBE Vector Shape - Group","hd":false},{"ty":"fl","c":{"a":0,"k":[1,1,1,1],"ix":4},"o":{"a":0,"k":100,"ix":5},"r":1,"nm":"Fill 1","mn":"ADBE Vector Graphic - Fill","hd":false},{"ty":"tr","p":{"a":0,"k":[0,0],"ix":2},"a":{"a":0,"k":[0,0],"ix":1},"s":{"a":0,"k":[100,100],"ix":3},"r":{"a":0,"k":0,"ix":6},"o":{"a":0,"k":100,"ix":7},"sk":{"a":0,"k":0,"ix":4},"sa":{"a":0,"k":0,"ix":5},"nm":"Transform"}],"nm":"Shape 1","np":2,"cix":2,"ix":1,"mn":"ADBE Vector Group","hd":false},{"ty":"tm","s":{"a":1,"k":[{"i":{"x":[0.667],"y":[1]},"o":{"x":[0.816],"y":[0]},"n":["0p667_1_0p816_0"],"t":5,"s":[0],"e":[100]},{"t":12}],"ix":1},"e":{"a":1,"k":[{"i":{"x":[0.833],"y":[0.833]},"o":{"x":[0.583],"y":[0]},"n":["0p833_0p833_0p583_0"],"t":0,"s":[0],"e":[100]},{"t":8}],"ix":2},"o":{"a":0,"k":0,"ix":3},"m":1,"ix":2,"nm":"Trim Paths 1","mn":"ADBE Vector Filter - Trim","hd":false},{"ty":"st","c":{"a":0,"k":[1,1,1,1],"ix":3},"o":{"a":0,"k":100,"ix":4},"w":{"a":0,"k":21,"ix":5},"lc":2,"lj":2,"nm":"Stroke 1","mn":"ADBE Vector Graphic - Stroke","hd":false}],"ip":0,"op":16,"st":0,"bm":0}]},{"id":"comp_1","layers":[{"ddd":0,"ind":1,"ty":4,"nm":"Layer 7/akun Outlines","td":1,"sr":1,"ks":{"o":{"a":0,"k":100,"ix":11},"r":{"a":1,"k":[{"i":{"x":[0.096],"y":[1]},"o":{"x":[0.038],"y":[0]},"n":["0p096_1_0p038_0"],"t":26,"s":[360],"e":[0]},{"i":{"x":[0.096],"y":[1]},"o":{"x":[0.167],"y":[0]},"n":["0p096_1_0p167_0"],"t":36,"s":[0],"e":[0]},{"i":{"x":[0.667],"y":[1]},"o":{"x":[0.167],"y":[0.167]},"n":["0p667_1_0p167_0p167"],"t":51,"s":[0],"e":[-360]},{"t":69}],"ix":10},"p":{"a":0,"k":[397.904,404.733,0],"ix":2},"a":{"a":0,"k":[91.538,211.539,0],"ix":1},"s":{"a":1,"k":[{"i":{"x":[0.722,0.722,0.667],"y":[1,1,1]},"o":{"x":[0.049,0.049,0.333],"y":[0,0,0]},"n":["0p722_1_0p049_0","0p722_1_0p049_0","0p667_1_0p333_0"],"t":26,"s":[0,0,100],"e":[110,110,100]},{"i":{"x":[0.914,0.914,0.667],"y":[1,1,1]},"o":{"x":[0.394,0.394,0.333],"y":[0,0,0]},"n":["0p914_1_0p394_0","0p914_1_0p394_0","0p667_1_0p333_0"],"t":32,"s":[110,110,100],"e":[100,100,100]},{"t":36}],"ix":6}},"ao":0,"shapes":[{"ty":"gr","it":[{"ind":0,"ty":"sh","ix":1,"ks":{"a":1,"k":[{"i":{"x":0.833,"y":0.833},"o":{"x":0.333,"y":0},"n":"0p833_0p833_0p333_0","t":26,"s":[{"i":[[0,0],[-0.05,0],[0,0],[0,0],[0,0],[0,-0.033],[0,0],[0,0],[0.034,0],[0.013,0.029],[0,0]],"o":[[0,-0.049],[0,0],[0,0],[0,0],[0.041,0.008],[0,0],[0,0],[-0.013,0.029],[-0.034,0],[0,0],[0,0]],"v":[[-5.712,114.136],[-5.629,114.047],[-5.629,114.047],[-5.608,114.047],[-5.6,114.063],[-5.546,114.136],[-5.546,114.175],[-5.553,114.181],[-5.629,114.23],[-5.705,114.181],[-5.712,114.175]],"c":true}],"e":[{"i":[[0,0],[-55.745,0],[0,0],[0,0],[0,0],[0,-36.249],[0,0],[0,0],[37.673,0],[14.159,31.804],[0,0]],"o":[[0,-54.708],[0,0],[0,0],[0,0],[45.511,8.917],[0,0],[0,0],[-14.109,31.915],[-37.591,0],[0,0],[0,0]],"v":[[-91.71,-2.263],[-0.002,-101.367],[-0.002,-101.336],[22.927,-101.336],[32.096,-83.341],[91.71,-2.233],[91.71,40.643],[84.125,47.121],[-0.002,101.367],[-84.03,47.32],[-91.71,40.841]],"c":true}]},{"i":{"x":0.833,"y":0.833},"o":{"x":0.333,"y":0},"n":"0p833_0p833_0p333_0","t":31,"s":[{"i":[[0,0],[-55.745,0],[0,0],[0,0],[0,0],[0,-36.249],[0,0],[0,0],[37.673,0],[14.159,31.804],[0,0]],"o":[[0,-54.708],[0,0],[0,0],[0,0],[45.511,8.917],[0,0],[0,0],[-14.109,31.915],[-37.591,0],[0,0],[0,0]],"v":[[-91.71,-2.263],[-0.002,-101.367],[-0.002,-101.336],[22.927,-101.336],[32.096,-83.341],[91.71,-2.233],[91.71,40.643],[84.125,47.121],[-0.002,101.367],[-84.03,47.32],[-91.71,40.841]],"c":true}],"e":[{"i":[[0,0],[-55.745,0],[0,0],[0,0],[0,0],[0,-36.249],[0,0],[0,0],[37.673,0],[14.159,31.804],[0,0]],"o":[[0,-54.708],[0,0],[0,0],[0,0],[45.511,8.917],[0,0],[0,0],[-14.109,31.915],[-37.591,0],[0,0],[0,0]],"v":[[-91.71,-2.263],[-0.002,-101.367],[-0.002,-101.336],[22.927,-101.336],[32.096,-83.341],[91.71,-2.233],[91.71,40.643],[84.125,47.121],[-0.002,101.367],[-84.03,47.32],[-91.71,40.841]],"c":true}]},{"i":{"x":0.833,"y":0.833},"o":{"x":0.333,"y":0},"n":"0p833_0p833_0p333_0","t":51,"s":[{"i":[[0,0],[-55.745,0],[0,0],[0,0],[0,0],[0,-36.249],[0,0],[0,0],[37.673,0],[14.159,31.804],[0,0]],"o":[[0,-54.708],[0,0],[0,0],[0,0],[45.511,8.917],[0,0],[0,0],[-14.109,31.915],[-37.591,0],[0,0],[0,0]],"v":[[-91.71,-2.263],[-0.002,-101.367],[-0.002,-101.336],[22.927,-101.336],[32.096,-83.341],[91.71,-2.233],[91.71,40.643],[84.125,47.121],[-0.002,101.367],[-84.03,47.32],[-91.71,40.841]],"c":true}],"e":[{"i":[[0,0],[-13.468,15.235],[0,0],[0,0],[0,0],[-9.907,-8.758],[0,0],[0,0],[9.102,-10.296],[12.113,3.814],[0,0]],"o":[[-14.951,-13.217],[0,0],[0,0],[0,0],[13.432,-10.284],[0,0],[0,0],[5.313,11.566],[-9.082,10.273],[0,0],[0,0]],"v":[[37.633,266.78],[32.704,217.773],[32.713,217.781],[38.252,211.515],[45.385,213.356],[81.954,216.66],[93.672,227.019],[93.61,230.657],[88.111,266.754],[53.039,276.661],[49.413,277.194]],"c":true}]},{"i":{"x":0.833,"y":1},"o":{"x":0.167,"y":0.167},"n":"0p833_1_0p167_0p167","t":60,"s":[{"i":[[0,0],[-13.468,15.235],[0,0],[0,0],[0,0],[-9.907,-8.758],[0,0],[0,0],[9.102,-10.296],[12.113,3.814],[0,0]],"o":[[-14.951,-13.217],[0,0],[0,0],[0,0],[13.432,-10.284],[0,0],[0,0],[5.313,11.566],[-9.082,10.273],[0,0],[0,0]],"v":[[37.633,266.78],[32.704,217.773],[32.713,217.781],[38.252,211.515],[45.385,213.356],[81.954,216.66],[93.672,227.019],[93.61,230.657],[88.111,266.754],[53.039,276.661],[49.413,277.194]],"c":true}],"e":[{"i":[[0,0],[-15.959,10.288],[0,0],[0,0],[0,0],[-6.69,-10.377],[0,0],[0,0],[10.785,-6.953],[9.923,6.492],[0,0]],"o":[[-10.096,-15.662],[0,0],[0,0],[0,0],[14.675,-5.846],[0,0],[0,0],[1.851,11.74],[-10.762,6.937],[0,0],[0,0]],"v":[[3.068,214.93],[11.033,169.633],[11.038,169.642],[17.603,165.411],[23.548,168.87],[55.583,181.088],[63.496,193.363],[62.52,196.617],[48.448,227.672],[14.418,227.707],[11.023,227.27]],"c":true}]},{"i":{"x":0.833,"y":1},"o":{"x":0.167,"y":0},"n":"0p833_1_0p167_0","t":62,"s":[{"i":[[0,0],[-15.959,10.288],[0,0],[0,0],[0,0],[-6.69,-10.377],[0,0],[0,0],[10.785,-6.953],[9.923,6.492],[0,0]],"o":[[-10.096,-15.662],[0,0],[0,0],[0,0],[14.675,-5.846],[0,0],[0,0],[1.851,11.74],[-10.762,6.937],[0,0],[0,0]],"v":[[3.068,214.93],[11.033,169.633],[11.038,169.642],[17.603,165.411],[23.548,168.87],[55.583,181.088],[63.496,193.363],[62.52,196.617],[48.448,227.672],[14.418,227.707],[11.023,227.27]],"c":true}],"e":[{"i":[[0,0],[-16.255,0],[0,0],[0,0],[0,0],[0,-11.081],[0,0],[0,0],[10.985,0],[4.129,9.723],[0,0]],"o":[[0,-16.724],[0,0],[0,0],[0,0],[13.271,2.726],[0,0],[0,0],[-4.114,9.757],[-10.961,0],[0,0],[0,0]],"v":[[-53.558,204.707],[-26.817,174.41],[-26.817,174.419],[-20.131,174.419],[-17.458,179.92],[-0.075,204.715],[-0.075,217.823],[-2.287,219.803],[-26.817,236.387],[-51.319,219.864],[-53.558,217.884]],"c":true}]},{"t":64}],"ix":2},"nm":"Path 1","mn":"ADBE Vector Shape - Group","hd":false},{"ty":"fl","c":{"a":0,"k":[1,1,1,1],"ix":4},"o":{"a":0,"k":100,"ix":5},"r":1,"nm":"Fill 1","mn":"ADBE Vector Graphic - Fill","hd":false},{"ty":"tr","p":{"a":0,"k":[91.96,101.617],"ix":2},"a":{"a":0,"k":[0,0],"ix":1},"s":{"a":0,"k":[100,100],"ix":3},"r":{"a":0,"k":0,"ix":6},"o":{"a":0,"k":100,"ix":7},"sk":{"a":0,"k":0,"ix":4},"sa":{"a":0,"k":0,"ix":5},"nm":"Transform"}],"nm":"Group 1","np":2,"cix":2,"ix":1,"mn":"ADBE Vector Group","hd":false},{"ty":"gr","it":[{"ind":0,"ty":"sh","ix":1,"ks":{"a":1,"k":[{"i":{"x":0.833,"y":0.833},"o":{"x":0.333,"y":0},"n":"0p833_0p833_0p333_0","t":26,"s":[{"i":[[-0.317,-0.463],[0.209,-0.194],[1.195,0],[0,0],[-1.877,0]],"o":[[0,0],[-0.36,0.334],[-1.89,0],[0,0],[1.216,0]],"v":[[-84.445,131.453],[-84.746,131.801],[-87.009,132.59],[-89.56,131.453],[-87.009,130.25]],"c":true}],"e":[{"i":[[20.761,30.275],[-13.702,12.726],[-78.2,0],[0,0],[122.835,0]],"o":[[0,0],[23.55,-21.871],[123.699,0],[0,0],[-79.583,0]],"v":[[-241.383,245.837],[-221.713,223.047],[-73.567,171.444],[93.383,245.837],[-73.567,324.555]],"c":true}]},{"i":{"x":0.833,"y":0.833},"o":{"x":0.333,"y":0},"n":"0p833_0p833_0p333_0","t":31,"s":[{"i":[[20.761,30.275],[-13.702,12.726],[-78.2,0],[0,0],[122.835,0]],"o":[[0,0],[23.55,-21.871],[123.699,0],[0,0],[-79.583,0]],"v":[[-241.383,245.837],[-221.713,223.047],[-73.567,171.444],[93.383,245.837],[-73.567,324.555]],"c":true}],"e":[{"i":[[20.761,30.275],[-13.702,12.726],[-78.2,0],[0,0],[122.835,0]],"o":[[0,0],[23.55,-21.871],[123.699,0],[0,0],[-79.583,0]],"v":[[-241.383,245.837],[-221.713,223.047],[-73.567,171.444],[93.383,245.837],[-73.567,324.555]],"c":true}]},{"i":{"x":0.833,"y":0.833},"o":{"x":0.333,"y":0},"n":"0p833_0p833_0p333_0","t":51,"s":[{"i":[[20.761,30.275],[-13.702,12.726],[-78.2,0],[0,0],[122.835,0]],"o":[[0,0],[23.55,-21.871],[123.699,0],[0,0],[-79.583,0]],"v":[[-241.383,245.837],[-221.713,223.047],[-73.567,171.444],[93.383,245.837],[-73.567,324.555]],"c":true}],"e":[{"i":[[19.079,2.811],[0.733,9.503],[-25.405,29.014],[0,0],[39.905,-45.574]],"o":[[0,0],[-1.26,-16.333],[40.186,-45.895],[0,0],[-25.854,29.527]],"v":[[-76.009,317.908],[-78.903,302.695],[-51.798,229.81],[32.746,193.703],[10.579,282.982]],"c":true}]},{"i":{"x":0.833,"y":1},"o":{"x":0.167,"y":0.167},"n":"0p833_1_0p167_0p167","t":60,"s":[{"i":[[19.079,2.811],[0.733,9.503],[-25.405,29.014],[0,0],[39.905,-45.574]],"o":[[0,0],[-1.26,-16.333],[40.186,-45.895],[0,0],[-25.854,29.527]],"v":[[-76.009,317.908],[-78.903,302.695],[-51.798,229.81],[32.746,193.703],[10.579,282.982]],"c":true}],"e":[{"i":[[14.702,7.653],[-1.819,8.036],[-27.887,16.801],[0,0],[43.804,-26.391]],"o":[[0,0],[3.126,-13.811],[44.112,-26.576],[0,0],[-28.38,17.098]],"v":[[-104.78,246.5],[-103.259,233.155],[-62.868,180.679],[14.602,174.576],[-25.959,241.942]],"c":true}]},{"i":{"x":0.833,"y":1},"o":{"x":0.167,"y":0},"n":"0p833_1_0p167_0","t":62,"s":[{"i":[[14.702,7.653],[-1.819,8.036],[-27.887,16.801],[0,0],[43.804,-26.391]],"o":[[0,0],[3.126,-13.811],[44.112,-26.576],[0,0],[-28.38,17.098]],"v":[[-104.78,246.5],[-103.259,233.155],[-62.868,180.679],[14.602,174.576],[-25.959,241.942]],"c":true}],"e":[{"i":[[7.247,14.56],[-5.192,5.833],[-28.724,-1],[0,0],[45.119,1.571]],"o":[[0,0],[8.924,-10.026],[45.437,1.582],[0,0],[-29.232,-1.018]],"v":[[-178.428,222.564],[-170.918,212.055],[-115.855,189.584],[-55.463,226.845],[-117.773,261.878]],"c":true}]},{"t":64}],"ix":2},"nm":"Path 1","mn":"ADBE Vector Shape - Group","hd":false},{"ty":"fl","c":{"a":0,"k":[1,1,1,1],"ix":4},"o":{"a":0,"k":100,"ix":5},"r":1,"nm":"Fill 1","mn":"ADBE Vector Graphic - Fill","hd":false},{"ty":"tr","p":{"a":0,"k":[167.633,88.806],"ix":2},"a":{"a":0,"k":[0,0],"ix":1},"s":{"a":0,"k":[100,100],"ix":3},"r":{"a":0,"k":0,"ix":6},"o":{"a":0,"k":100,"ix":7},"sk":{"a":0,"k":0,"ix":4},"sa":{"a":0,"k":0,"ix":5},"nm":"Transform"}],"nm":"Group 2","np":2,"cix":2,"ix":2,"mn":"ADBE Vector Group","hd":false}],"ip":26,"op":61,"st":26,"bm":0},{"ddd":0,"ind":2,"ty":0,"nm":"Pre-comp 2","tt":2,"refId":"comp_2","sr":1,"ks":{"o":{"a":0,"k":100,"ix":11},"r":{"a":0,"k":0,"ix":10},"p":{"a":0,"k":[400,400,0],"ix":2},"a":{"a":0,"k":[400,400,0],"ix":1},"s":{"a":1,"k":[{"i":{"x":[0.667,0.667,0.667],"y":[1,1,1]},"o":{"x":[0.167,0.167,0.167],"y":[0.167,0.167,30.556]},"n":["0p667_1_0p167_0p167","0p667_1_0p167_0p167","0p667_1_0p167_30p556"],"t":16,"s":[0,0,100],"e":[110,110,100]},{"i":{"x":[0.833,0.833,0.833],"y":[0.833,0.833,14.889]},"o":{"x":[0.333,0.333,0.333],"y":[0,0,0]},"n":["0p833_0p833_0p333_0","0p833_0p833_0p333_0","0p833_14p889_0p333_0"],"t":22,"s":[110,110,100],"e":[100,100,100]},{"t":26}],"ix":6}},"ao":0,"w":800,"h":800,"ip":0,"op":160,"st":0,"bm":0}]},{"id":"comp_2","layers":[{"ddd":0,"ind":1,"ty":4,"nm":"Layer 6/akun Outlines","td":1,"sr":1,"ks":{"o":{"a":0,"k":100,"ix":11},"r":{"a":0,"k":0,"ix":10},"p":{"a":0,"k":[400,400,0],"ix":2},"a":{"a":0,"k":[68,58.5,0],"ix":1},"s":{"a":0,"k":[262.621,262.621,100],"ix":6}},"ao":0,"shapes":[{"ty":"gr","it":[{"ind":0,"ty":"sh","ix":1,"ks":{"a":1,"k":[{"i":{"x":0.667,"y":1},"o":{"x":0.333,"y":0},"n":"0p667_1_0p333_0","t":60,"s":[{"i":[[0,0],[0,0],[0,0],[0,0],[0,0],[0,0]],"o":[[0,0],[0,0],[0,0],[0,0],[0,0],[0,0]],"v":[[-45.855,-16.028],[-45.841,-16.025],[-67.839,3.333],[-67.845,3.344],[-67.861,3.341],[-45.854,-16.029]],"c":true}],"e":[{"i":[[0,0],[0,0],[0,0],[0,0],[0,0],[0,0]],"o":[[0,0],[0,0],[0,0],[0,0],[0,0],[0,0]],"v":[[-19.01,15.326],[-46.388,-15.465],[-67.696,3.475],[-19.01,58.247],[-19.121,58.553],[-18.724,14.862]],"c":true}]},{"i":{"x":0.667,"y":1},"o":{"x":0.333,"y":0},"n":"0p667_1_0p333_0","t":65,"s":[{"i":[[0,0],[0,0],[0,0],[0,0],[0,0],[0,0]],"o":[[0,0],[0,0],[0,0],[0,0],[0,0],[0,0]],"v":[[-19.01,15.326],[-46.388,-15.465],[-67.696,3.475],[-19.01,58.247],[-19.121,58.553],[-18.724,14.862]],"c":true}],"e":[{"i":[[0,0],[0,0],[0,0],[0,0],[0,0],[0,0]],"o":[[0,0],[0,0],[0,0],[0,0],[0,0],[0,0]],"v":[[-19.01,15.326],[-46.388,-15.465],[-67.696,3.475],[-19.01,58.247],[67.696,-39.307],[46.389,-58.247]],"c":true}]},{"t":70}],"ix":2},"nm":"Path 1","mn":"ADBE Vector Shape - Group","hd":false},{"ty":"fl","c":{"a":0,"k":[1,1,1,1],"ix":4},"o":{"a":0,"k":100,"ix":5},"r":1,"nm":"Fill 1","mn":"ADBE Vector Graphic - Fill","hd":false},{"ty":"tr","p":{"a":0,"k":[67.946,58.497],"ix":2},"a":{"a":0,"k":[0,0],"ix":1},"s":{"a":0,"k":[100,100],"ix":3},"r":{"a":0,"k":0,"ix":6},"o":{"a":0,"k":100,"ix":7},"sk":{"a":0,"k":0,"ix":4},"sa":{"a":0,"k":0,"ix":5},"nm":"Transform"}],"nm":"Group 1","np":2,"cix":2,"ix":1,"mn":"ADBE Vector Group","hd":false}],"ip":59,"op":129,"st":-1,"bm":0},{"ddd":0,"ind":2,"ty":4,"nm":"Layer 4/akun Outlines","tt":2,"sr":1,"ks":{"o":{"a":0,"k":100,"ix":11},"r":{"a":0,"k":0,"ix":10},"p":{"a":0,"k":[400,400,0],"ix":2},"a":{"a":0,"k":[306.5,306.5,0],"ix":1},"s":{"a":0,"k":[100,100,100],"ix":6}},"ao":0,"shapes":[{"ty":"gr","it":[{"ind":0,"ty":"sh","ix":1,"ks":{"a":0,"k":{"i":[[168.883,0],[0,-168.883],[-168.882,0],[0,168.882]],"o":[[-168.882,0],[0,168.882],[168.883,0],[0,-168.883]],"v":[[0,-305.789],[-305.788,0],[0,305.789],[305.788,0]],"c":true},"ix":2},"nm":"Path 1","mn":"ADBE Vector Shape - Group","hd":false},{"ty":"fl","c":{"a":0,"k":[0.20000000298,0.20000000298,0.20000000298,1],"ix":4},"o":{"a":0,"k":100,"ix":5},"r":1,"nm":"Fill 1","mn":"ADBE Vector Graphic - Fill","hd":false},{"ty":"tr","p":{"a":0,"k":[306.038,306.039],"ix":2},"a":{"a":0,"k":[0,0],"ix":1},"s":{"a":0,"k":[100,100],"ix":3},"r":{"a":0,"k":0,"ix":6},"o":{"a":0,"k":100,"ix":7},"sk":{"a":0,"k":0,"ix":4},"sa":{"a":0,"k":0,"ix":5},"nm":"Transform"}],"nm":"Group 1","np":2,"cix":2,"ix":1,"mn":"ADBE Vector Group","hd":false}],"ip":0,"op":160,"st":0,"bm":0}]}],"layers":[{"ddd":0,"ind":1,"ty":0,"nm":"Comp 1","td":1,"refId":"comp_0","sr":0.8,"ks":{"o":{"a":0,"k":100,"ix":11},"r":{"a":0,"k":0,"ix":10},"p":{"a":0,"k":[546,284,0],"ix":2},"a":{"a":0,"k":[400,400,0],"ix":1},"s":{"a":0,"k":[31.5,31.5,100],"ix":6}},"ao":0,"hasMask":true,"masksProperties":[{"inv":false,"mode":"a","pt":{"a":0,"k":{"i":[[0,0],[0,0],[0,0],[0,0],[0,0],[0,0]],"o":[[0,0],[0,0],[0,0],[0,0],[0,0],[0,0]],"v":[[800,-31.746],[101.587,-31.746],[-38.095,311.111],[361.905,425.397],[539.683,806.349],[939.683,501.587]],"c":true},"ix":1},"o":{"a":0,"k":100,"ix":3},"x":{"a":0,"k":0,"ix":4},"nm":"Mask 1"}],"w":800,"h":800,"ip":53,"op":65.8,"st":53,"bm":0},{"ddd":0,"ind":2,"ty":0,"nm":"Pre-comp 3","tt":2,"refId":"comp_1","sr":1,"ks":{"o":{"a":0,"k":100,"ix":11},"r":{"a":0,"k":0,"ix":10},"p":{"a":0,"k":[400,400,0],"ix":2},"a":{"a":0,"k":[400,400,0],"ix":1},"s":{"a":0,"k":[100,100,100],"ix":6}},"ao":0,"w":800,"h":800,"ip":-16,"op":125,"st":-16,"bm":0}]}