{"v":"4.10.2","fr":60,"ip":0,"op":170,"w":1125,"h":844,"nm":"Channel_Scan","ddd":0,"assets":[],"layers":[{"ddd":0,"ind":1,"ty":3,"nm":"▽ Signal","sr":1,"ks":{"o":{"a":0,"k":100,"ix":11},"r":{"a":0,"k":0,"ix":10},"p":{"a":0,"k":[129,207.5,0],"ix":2},"a":{"a":0,"k":[0,0,0],"ix":1},"s":{"a":0,"k":[100,100,100],"ix":6}},"ao":0,"ip":0,"op":170,"st":0,"bm":0},{"ddd":0,"ind":2,"ty":4,"nm":"Left Signal","parent":1,"sr":1,"ks":{"o":{"a":1,"k":[{"i":{"x":[0.833],"y":[0.833]},"o":{"x":[0.333],"y":[0]},"n":["0p833_0p833_0p333_0"],"t":40,"s":[0],"e":[100]},{"i":{"x":[0.667],"y":[1]},"o":{"x":[0.167],"y":[0.167]},"n":["0p667_1_0p167_0p167"],"t":79,"s":[100],"e":[0]},{"t":160}],"ix":11},"r":{"a":0,"k":0,"ix":10},"p":{"a":1,"k":[{"i":{"x":0.833,"y":0.833},"o":{"x":0.333,"y":0},"n":"0p833_0p833_0p333_0","t":40,"s":[24.5,108,0],"e":[20.5,108,0],"to":[-0.66666668653488,0,0],"ti":[1.33333337306976,0,0]},{"i":{"x":0.667,"y":1},"o":{"x":0.167,"y":0.167},"n":"0p667_1_0p167_0p167","t":100,"s":[20.5,108,0],"e":[16.5,108,0],"to":[-1.33333337306976,0,0],"ti":[0.66666668653488,0,0]},{"t":160}],"ix":2},"a":{"a":0,"k":[24.5,108,0],"ix":1},"s":{"a":1,"k":[{"i":{"x":[0.833,0.833,0.833],"y":[0.833,0.833,1]},"o":{"x":[0.333,0.333,0.333],"y":[0,0,0]},"n":["0p833_0p833_0p333_0","0p833_0p833_0p333_0","0p833_1_0p333_0"],"t":40,"s":[50,50,100],"e":[100,100,100]},{"i":{"x":[0.667,0.667,0.667],"y":[1,1,1]},"o":{"x":[0.167,0.167,0.167],"y":[0.167,0.167,0]},"n":["0p667_1_0p167_0p167","0p667_1_0p167_0p167","0p667_1_0p167_0"],"t":100,"s":[100,100,100],"e":[150,150,100]},{"t":160}],"ix":6}},"ao":0,"shapes":[{"ty":"gr","it":[{"ind":0,"ty":"sh","ix":1,"ks":{"a":0,"k":{"i":[[0.34,-0.43],[0,-11.59],[-9.21,-11.67],[0.43,-0.35],[0.35,0.43],[0,12.07],[-9.46,12],[-0.43,-0.34]],"o":[[-9.21,11.67],[0,11.59],[0.34,0.43],[-0.43,0.34],[-9.46,-12],[0,-12.07],[0.35,-0.43],[0.43,0.35]],"v":[[15.79,1.62],[2,36.5],[15.79,71.38],[15.62,72.79],[14.21,72.62],[0,36.5],[14.21,0.38],[15.62,0.21]],"c":true},"ix":2},"nm":"Path 1","mn":"ADBE Vector Shape - Group","hd":false},{"ty":"fl","c":{"a":0,"k":[1,0.909803986549,0,1],"ix":4},"o":{"a":0,"k":100,"ix":5},"r":1,"nm":"Fill 1","mn":"ADBE Vector Graphic - Fill","hd":false},{"ty":"tr","p":{"a":0,"k":[0,0],"ix":2},"a":{"a":0,"k":[0,0],"ix":1},"s":{"a":0,"k":[300,300],"ix":3},"r":{"a":0,"k":0,"ix":6},"o":{"a":0,"k":100,"ix":7},"sk":{"a":0,"k":0,"ix":4},"sa":{"a":0,"k":0,"ix":5},"nm":"Transform"}],"nm":"Group 1","np":2,"cix":2,"ix":1,"mn":"ADBE Vector Group","hd":false}],"ip":0,"op":170,"st":0,"bm":0},{"ddd":0,"ind":3,"ty":4,"nm":"Left Signal","parent":1,"sr":1,"ks":{"o":{"a":1,"k":[{"i":{"x":[0.833],"y":[0.833]},"o":{"x":[0.333],"y":[0]},"n":["0p833_0p833_0p333_0"],"t":30,"s":[0],"e":[100]},{"i":{"x":[0.667],"y":[1]},"o":{"x":[0.167],"y":[0.167]},"n":["0p667_1_0p167_0p167"],"t":70,"s":[100],"e":[0]},{"t":150}],"ix":11},"r":{"a":0,"k":0,"ix":10},"p":{"a":1,"k":[{"i":{"x":0.833,"y":0.833},"o":{"x":0.333,"y":0},"n":"0p833_0p833_0p333_0","t":30,"s":[108.25,108,0],"e":[104.25,108,0],"to":[-0.66666668653488,0,0],"ti":[1.33333337306976,0,0]},{"i":{"x":0.667,"y":1},"o":{"x":0.167,"y":0.167},"n":"0p667_1_0p167_0p167","t":90,"s":[104.25,108,0],"e":[100.25,108,0],"to":[-1.33333337306976,0,0],"ti":[0.66666668653488,0,0]},{"t":150}],"ix":2},"a":{"a":0,"k":[18.25,81,0],"ix":1},"s":{"a":1,"k":[{"i":{"x":[0.833,0.833,0.833],"y":[0.833,0.833,1]},"o":{"x":[0.333,0.333,0.333],"y":[0,0,0]},"n":["0p833_0p833_0p333_0","0p833_0p833_0p333_0","0p833_1_0p333_0"],"t":30,"s":[50,50,100],"e":[100,100,100]},{"i":{"x":[0.667,0.667,0.667],"y":[1,1,1]},"o":{"x":[0.167,0.167,0.167],"y":[0.167,0.167,0]},"n":["0p667_1_0p167_0p167","0p667_1_0p167_0p167","0p667_1_0p167_0"],"t":90,"s":[100,100,100],"e":[150,150,100]},{"t":150}],"ix":6}},"ao":0,"shapes":[{"ty":"gr","it":[{"ind":0,"ty":"sh","ix":1,"ks":{"a":0,"k":{"i":[[0.33,-0.44],[0,-8.6],[-6.54,-8.67],[0.44,-0.33],[0.33,0.44],[0,9.07],[-6.79,9],[-0.44,-0.33]],"o":[[-6.54,8.67],[0,8.6],[0.33,0.44],[-0.44,0.33],[-6.79,-9],[0,-9.07],[0.33,-0.44],[0.44,0.33]],"v":[[11.8,1.6],[2,27.5],[11.8,53.4],[11.6,54.8],[10.2,54.6],[0,27.5],[10.2,0.4],[11.6,0.2]],"c":true},"ix":2},"nm":"Path 1","mn":"ADBE Vector Shape - Group","hd":false},{"ty":"fl","c":{"a":0,"k":[1,0.909803986549,0,1],"ix":4},"o":{"a":0,"k":100,"ix":5},"r":1,"nm":"Fill 1","mn":"ADBE Vector Graphic - Fill","hd":false},{"ty":"tr","p":{"a":0,"k":[0,0],"ix":2},"a":{"a":0,"k":[0,0],"ix":1},"s":{"a":0,"k":[300,300],"ix":3},"r":{"a":0,"k":0,"ix":6},"o":{"a":0,"k":100,"ix":7},"sk":{"a":0,"k":0,"ix":4},"sa":{"a":0,"k":0,"ix":5},"nm":"Transform"}],"nm":"Group 1","np":2,"cix":2,"ix":1,"mn":"ADBE Vector Group","hd":false}],"ip":0,"op":170,"st":0,"bm":0},{"ddd":0,"ind":4,"ty":4,"nm":"Left Signal","parent":1,"sr":1,"ks":{"o":{"a":1,"k":[{"i":{"x":[0.833],"y":[0.833]},"o":{"x":[0.333],"y":[0]},"n":["0p833_0p833_0p333_0"],"t":20,"s":[0],"e":[100]},{"i":{"x":[0.667],"y":[1]},"o":{"x":[0.167],"y":[0.167]},"n":["0p667_1_0p167_0p167"],"t":60,"s":[100],"e":[0]},{"t":140}],"ix":11},"r":{"a":0,"k":0,"ix":10},"p":{"a":1,"k":[{"i":{"x":0.833,"y":0.833},"o":{"x":0.333,"y":0},"n":"0p833_0p833_0p333_0","t":20,"s":[172.75,108,0],"e":[168.75,108,0],"to":[-0.66666668653488,0,0],"ti":[1.33333337306976,0,0]},{"i":{"x":0.667,"y":1},"o":{"x":0.167,"y":0.167},"n":"0p667_1_0p167_0p167","t":80,"s":[168.75,108,0],"e":[164.75,108,0],"to":[-1.33333337306976,0,0],"ti":[0.66666668653488,0,0]},{"t":140}],"ix":2},"a":{"a":0,"k":[13.75,54,0],"ix":1},"s":{"a":1,"k":[{"i":{"x":[0.833,0.833,0.833],"y":[0.833,0.833,1]},"o":{"x":[0.333,0.333,0.333],"y":[0,0,0]},"n":["0p833_0p833_0p333_0","0p833_0p833_0p333_0","0p833_1_0p333_0"],"t":20,"s":[50,50,100],"e":[100,100,100]},{"i":{"x":[0.667,0.667,0.667],"y":[1,1,1]},"o":{"x":[0.167,0.167,0.167],"y":[0.167,0.167,0]},"n":["0p667_1_0p167_0p167","0p667_1_0p167_0p167","0p667_1_0p167_0"],"t":80,"s":[100,100,100],"e":[150,150,100]},{"t":140}],"ix":6}},"ao":0,"shapes":[{"ty":"gr","it":[{"ind":0,"ty":"sh","ix":1,"ks":{"a":0,"k":{"i":[[0.35,-0.43],[0,-5.59],[-4.53,-5.67],[0.44,-0.34],[0.34,0.44],[0,6.08],[-4.8,6],[-0.43,-0.35]],"o":[[-4.53,5.67],[0,5.59],[0.35,0.43],[-0.43,0.35],[-4.8,-6],[0,-6.08],[0.34,-0.44],[0.44,0.34]],"v":[[8.78,1.62],[2,18.5],[8.78,35.38],[8.62,36.78],[7.22,36.62],[0,18.5],[7.22,0.38],[8.62,0.22]],"c":true},"ix":2},"nm":"Path 1","mn":"ADBE Vector Shape - Group","hd":false},{"ty":"fl","c":{"a":0,"k":[1,0.909803986549,0,1],"ix":4},"o":{"a":0,"k":100,"ix":5},"r":1,"nm":"Fill 1","mn":"ADBE Vector Graphic - Fill","hd":false},{"ty":"tr","p":{"a":0,"k":[0,0],"ix":2},"a":{"a":0,"k":[0,0],"ix":1},"s":{"a":0,"k":[300,300],"ix":3},"r":{"a":0,"k":0,"ix":6},"o":{"a":0,"k":100,"ix":7},"sk":{"a":0,"k":0,"ix":4},"sa":{"a":0,"k":0,"ix":5},"nm":"Transform"}],"nm":"Group 1","np":2,"cix":2,"ix":1,"mn":"ADBE Vector Group","hd":false}],"ip":0,"op":170,"st":0,"bm":0},{"ddd":0,"ind":5,"ty":4,"nm":"Left Signal","parent":1,"sr":1,"ks":{"o":{"a":1,"k":[{"i":{"x":[0.833],"y":[0.833]},"o":{"x":[0.333],"y":[0]},"n":["0p833_0p833_0p333_0"],"t":10,"s":[0],"e":[100]},{"i":{"x":[0.667],"y":[1]},"o":{"x":[0.167],"y":[0.167]},"n":["0p667_1_0p167_0p167"],"t":50,"s":[100],"e":[0]},{"t":130}],"ix":11},"r":{"a":0,"k":0,"ix":10},"p":{"a":1,"k":[{"i":{"x":0.833,"y":0.833},"o":{"x":0.333,"y":0},"n":"0p833_0p833_0p333_0","t":10,"s":[237,108,0],"e":[233,108,0],"to":[-0.66666668653488,0,0],"ti":[1.33333337306976,0,0]},{"i":{"x":0.667,"y":1},"o":{"x":0.167,"y":0.167},"n":"0p667_1_0p167_0p167","t":70,"s":[233,108,0],"e":[229,108,0],"to":[-1.33333337306976,0,0],"ti":[0.66666668653488,0,0]},{"t":130}],"ix":2},"a":{"a":0,"k":[9,36,0],"ix":1},"s":{"a":1,"k":[{"i":{"x":[0.833,0.833,0.833],"y":[0.833,0.833,1]},"o":{"x":[0.333,0.333,0.333],"y":[0,0,0]},"n":["0p833_0p833_0p333_0","0p833_0p833_0p333_0","0p833_1_0p333_0"],"t":10,"s":[50,50,100],"e":[100,100,100]},{"i":{"x":[0.667,0.667,0.667],"y":[1,1,1]},"o":{"x":[0.167,0.167,0.167],"y":[0.167,0.167,0]},"n":["0p667_1_0p167_0p167","0p667_1_0p167_0p167","0p667_1_0p167_0"],"t":70,"s":[100,100,100],"e":[150,150,100]},{"t":130}],"ix":6}},"ao":0,"shapes":[{"ty":"gr","it":[{"ind":0,"ty":"sh","ix":1,"ks":{"a":0,"k":{"i":[[0.32,-0.45],[0,-3.44],[-2.55,-3.5],[0.44,-0.33],[0.33,0.44],[0,3.89],[-2.78,3.83],[-0.45,-0.32]],"o":[[-2.55,3.5],[0,3.44],[0.32,0.45],[-0.45,0.32],[-2.78,-3.83],[0,-3.89],[0.33,-0.44],[0.44,0.33]],"v":[[5.81,1.59],[2,12],[5.81,22.41],[5.59,23.81],[4.19,23.59],[0,12],[4.19,0.41],[5.59,0.19]],"c":true},"ix":2},"nm":"Path 1","mn":"ADBE Vector Shape - Group","hd":false},{"ty":"fl","c":{"a":0,"k":[1,0.909803986549,0,1],"ix":4},"o":{"a":0,"k":100,"ix":5},"r":1,"nm":"Fill 1","mn":"ADBE Vector Graphic - Fill","hd":false},{"ty":"tr","p":{"a":0,"k":[0,0],"ix":2},"a":{"a":0,"k":[0,0],"ix":1},"s":{"a":0,"k":[300,300],"ix":3},"r":{"a":0,"k":0,"ix":6},"o":{"a":0,"k":100,"ix":7},"sk":{"a":0,"k":0,"ix":4},"sa":{"a":0,"k":0,"ix":5},"nm":"Transform"}],"nm":"Group 1","np":2,"cix":2,"ix":1,"mn":"ADBE Vector Group","hd":false}],"ip":0,"op":170,"st":0,"bm":0},{"ddd":0,"ind":6,"ty":4,"nm":"Left Signal","parent":1,"sr":1,"ks":{"o":{"a":1,"k":[{"i":{"x":[0.833],"y":[0.833]},"o":{"x":[0.333],"y":[0]},"n":["0p833_0p833_0p333_0"],"t":0,"s":[0],"e":[100]},{"i":{"x":[0.667],"y":[1]},"o":{"x":[0.167],"y":[0.167]},"n":["0p667_1_0p167_0p167"],"t":40,"s":[100],"e":[0]},{"t":120}],"ix":11},"r":{"a":0,"k":0,"ix":10},"p":{"a":1,"k":[{"i":{"x":0.833,"y":0.833},"o":{"x":0.333,"y":0},"n":"0p833_0p833_0p333_0","t":0,"s":[288,108,0],"e":[284,108,0],"to":[-0.66666668653488,0,0],"ti":[1.33333337306976,0,0]},{"i":{"x":0.667,"y":1},"o":{"x":0.167,"y":0.167},"n":"0p667_1_0p167_0p167","t":60,"s":[284,108,0],"e":[280,108,0],"to":[-1.33333337306976,0,0],"ti":[0.66666668653488,0,0]},{"t":120}],"ix":2},"a":{"a":0,"k":[6,21,0],"ix":1},"s":{"a":1,"k":[{"i":{"x":[0.833,0.833,0.833],"y":[0.833,0.833,1]},"o":{"x":[0.333,0.333,0.333],"y":[0,0,0]},"n":["0p833_0p833_0p333_0","0p833_0p833_0p333_0","0p833_1_0p333_0"],"t":0,"s":[50,50,100],"e":[100,100,100]},{"i":{"x":[0.667,0.667,0.667],"y":[1,1,1]},"o":{"x":[0.167,0.167,0.167],"y":[0.167,0.167,0]},"n":["0p667_1_0p167_0p167","0p667_1_0p167_0p167","0p667_1_0p167_0"],"t":60,"s":[100,100,100],"e":[150,150,100]},{"t":120}],"ix":6}},"ao":0,"shapes":[{"ty":"gr","it":[{"ind":0,"ty":"sh","ix":1,"ks":{"a":0,"k":{"i":[[0.31,-0.45],[0,-1.79],[-1.23,-1.85],[0.46,-0.3],[0.3,0.46],[0,2.21],[-1.44,2.15],[-0.45,-0.31]],"o":[[-1.23,1.85],[0,1.79],[0.31,0.45],[-0.45,0.31],[-1.44,-2.15],[0,-2.21],[0.3,-0.46],[0.46,0.3]],"v":[[3.83,1.55],[2,7],[3.83,12.45],[3.55,13.83],[2.17,13.55],[0,7],[2.17,0.45],[3.55,0.17]],"c":true},"ix":2},"nm":"Path 1","mn":"ADBE Vector Shape - Group","hd":false},{"ty":"fl","c":{"a":0,"k":[1,0.909803986549,0,1],"ix":4},"o":{"a":0,"k":100,"ix":5},"r":1,"nm":"Fill 1","mn":"ADBE Vector Graphic - Fill","hd":false},{"ty":"tr","p":{"a":0,"k":[0,0],"ix":2},"a":{"a":0,"k":[0,0],"ix":1},"s":{"a":0,"k":[300,300],"ix":3},"r":{"a":0,"k":0,"ix":6},"o":{"a":0,"k":100,"ix":7},"sk":{"a":0,"k":0,"ix":4},"sa":{"a":0,"k":0,"ix":5},"nm":"Transform"}],"nm":"Group 1","np":2,"cix":2,"ix":1,"mn":"ADBE Vector Group","hd":false}],"ip":0,"op":170,"st":0,"bm":0},{"ddd":0,"ind":7,"ty":4,"nm":"Right Signal","parent":1,"sr":1,"ks":{"o":{"a":1,"k":[{"i":{"x":[0.833],"y":[0.833]},"o":{"x":[0.333],"y":[0]},"n":["0p833_0p833_0p333_0"],"t":40,"s":[0],"e":[100]},{"i":{"x":[0.667],"y":[1]},"o":{"x":[0.167],"y":[0.167]},"n":["0p667_1_0p167_0p167"],"t":80,"s":[100],"e":[0]},{"t":160}],"ix":11},"r":{"a":0,"k":0,"ix":10},"p":{"a":1,"k":[{"i":{"x":0.833,"y":0.833},"o":{"x":0.333,"y":0},"n":"0p833_0p833_0p333_0","t":40,"s":[630,108,0],"e":[634,108,0],"to":[0.66666668653488,0,0],"ti":[-1.33333337306976,0,0]},{"i":{"x":0.667,"y":1},"o":{"x":0.167,"y":0.167},"n":"0p667_1_0p167_0p167","t":100,"s":[634,108,0],"e":[638,108,0],"to":[1.33333337306976,0,0],"ti":[-0.66666668653488,0,0]},{"t":160}],"ix":2},"a":{"a":0,"k":[24,108,0],"ix":1},"s":{"a":1,"k":[{"i":{"x":[0.833,0.833,0.833],"y":[0.833,0.833,1]},"o":{"x":[0.333,0.333,0.333],"y":[0,0,0]},"n":["0p833_0p833_0p333_0","0p833_0p833_0p333_0","0p833_1_0p333_0"],"t":40,"s":[50,50,100],"e":[100,100,100]},{"i":{"x":[0.667,0.667,0.667],"y":[1,1,1]},"o":{"x":[0.167,0.167,0.167],"y":[0.167,0.167,2.564]},"n":["0p667_1_0p167_0p167","0p667_1_0p167_0p167","0p667_1_0p167_2p564"],"t":100,"s":[100,100,100],"e":[150,150,100]},{"t":160}],"ix":6}},"ao":0,"shapes":[{"ty":"gr","it":[{"ind":0,"ty":"sh","ix":1,"ks":{"a":0,"k":{"i":[[-0.34,-0.43],[0,-11.59],[9.21,-11.67],[-0.43,-0.35],[-0.35,0.43],[0,12.07],[9.46,12],[0.43,-0.34]],"o":[[9.21,11.67],[0,11.59],[-0.34,0.43],[0.43,0.34],[9.46,-12],[0,-12.07],[-0.35,-0.43],[-0.43,0.35]],"v":[[0.21,1.62],[14,36.5],[0.21,71.38],[0.38,72.79],[1.79,72.62],[16,36.5],[1.79,0.38],[0.38,0.21]],"c":true},"ix":2},"nm":"Path 1","mn":"ADBE Vector Shape - Group","hd":false},{"ty":"fl","c":{"a":0,"k":[1,0.909803986549,0,1],"ix":4},"o":{"a":0,"k":100,"ix":5},"r":1,"nm":"Fill 1","mn":"ADBE Vector Graphic - Fill","hd":false},{"ty":"tr","p":{"a":0,"k":[0,0],"ix":2},"a":{"a":0,"k":[0,0],"ix":1},"s":{"a":0,"k":[300,300],"ix":3},"r":{"a":0,"k":0,"ix":6},"o":{"a":0,"k":100,"ix":7},"sk":{"a":0,"k":0,"ix":4},"sa":{"a":0,"k":0,"ix":5},"nm":"Transform"}],"nm":"Group 1","np":2,"cix":2,"ix":1,"mn":"ADBE Vector Group","hd":false}],"ip":0,"op":170,"st":0,"bm":0},{"ddd":0,"ind":8,"ty":4,"nm":"Right Signal","parent":1,"sr":1,"ks":{"o":{"a":1,"k":[{"i":{"x":[0.833],"y":[0.833]},"o":{"x":[0.333],"y":[0]},"n":["0p833_0p833_0p333_0"],"t":30,"s":[0],"e":[100]},{"i":{"x":[0.667],"y":[1]},"o":{"x":[0.167],"y":[0.167]},"n":["0p667_1_0p167_0p167"],"t":70,"s":[100],"e":[0]},{"t":150}],"ix":11},"r":{"a":0,"k":0,"ix":10},"p":{"a":1,"k":[{"i":{"x":0.833,"y":0.833},"o":{"x":0.333,"y":0},"n":"0p833_0p833_0p333_0","t":30,"s":[546.5,108,0],"e":[550.5,108,0],"to":[0.66666668653488,0,0],"ti":[-1.33333337306976,0,0]},{"i":{"x":0.667,"y":1},"o":{"x":0.167,"y":0.167},"n":"0p667_1_0p167_0p167","t":90,"s":[550.5,108,0],"e":[554.5,108,0],"to":[1.33333337306976,0,0],"ti":[-0.66666668653488,0,0]},{"t":150}],"ix":2},"a":{"a":0,"k":[18.5,81,0],"ix":1},"s":{"a":1,"k":[{"i":{"x":[0.833,0.833,0.833],"y":[0.833,0.833,1]},"o":{"x":[0.333,0.333,0.333],"y":[0,0,0]},"n":["0p833_0p833_0p333_0","0p833_0p833_0p333_0","0p833_1_0p333_0"],"t":30,"s":[50,50,100],"e":[100,100,100]},{"i":{"x":[0.667,0.667,0.667],"y":[1,1,1]},"o":{"x":[0.167,0.167,0.167],"y":[0.167,0.167,2.564]},"n":["0p667_1_0p167_0p167","0p667_1_0p167_0p167","0p667_1_0p167_2p564"],"t":90,"s":[100,100,100],"e":[150,150,100]},{"t":150}],"ix":6}},"ao":0,"shapes":[{"ty":"gr","it":[{"ind":0,"ty":"sh","ix":1,"ks":{"a":0,"k":{"i":[[-0.33,-0.44],[0,-8.6],[6.54,-8.67],[-0.44,-0.33],[-0.33,0.44],[0,9.07],[6.79,9],[0.44,-0.33]],"o":[[6.54,8.67],[0,8.6],[-0.33,0.44],[0.44,0.33],[6.79,-9],[0,-9.07],[-0.33,-0.44],[-0.44,0.33]],"v":[[0.2,1.6],[10,27.5],[0.2,53.4],[0.4,54.8],[1.8,54.6],[12,27.5],[1.8,0.4],[0.4,0.2]],"c":true},"ix":2},"nm":"Path 1","mn":"ADBE Vector Shape - Group","hd":false},{"ty":"fl","c":{"a":0,"k":[1,0.909803986549,0,1],"ix":4},"o":{"a":0,"k":100,"ix":5},"r":1,"nm":"Fill 1","mn":"ADBE Vector Graphic - Fill","hd":false},{"ty":"tr","p":{"a":0,"k":[0,0],"ix":2},"a":{"a":0,"k":[0,0],"ix":1},"s":{"a":0,"k":[300,300],"ix":3},"r":{"a":0,"k":0,"ix":6},"o":{"a":0,"k":100,"ix":7},"sk":{"a":0,"k":0,"ix":4},"sa":{"a":0,"k":0,"ix":5},"nm":"Transform"}],"nm":"Group 1","np":2,"cix":2,"ix":1,"mn":"ADBE Vector Group","hd":false}],"ip":0,"op":170,"st":0,"bm":0},{"ddd":0,"ind":9,"ty":4,"nm":"Right Signal","parent":1,"sr":1,"ks":{"o":{"a":1,"k":[{"i":{"x":[0.833],"y":[0.833]},"o":{"x":[0.333],"y":[0]},"n":["0p833_0p833_0p333_0"],"t":20,"s":[0],"e":[100]},{"i":{"x":[0.667],"y":[1]},"o":{"x":[0.167],"y":[0.167]},"n":["0p667_1_0p167_0p167"],"t":60,"s":[100],"e":[0]},{"t":140}],"ix":11},"r":{"a":0,"k":0,"ix":10},"p":{"a":1,"k":[{"i":{"x":0.833,"y":0.833},"o":{"x":0.333,"y":0},"n":"0p833_0p833_0p333_0","t":20,"s":[481.5,108,0],"e":[485.5,108,0],"to":[0.66666668653488,0,0],"ti":[-1.33333337306976,0,0]},{"i":{"x":0.667,"y":1},"o":{"x":0.167,"y":0.167},"n":"0p667_1_0p167_0p167","t":80,"s":[485.5,108,0],"e":[489.5,108,0],"to":[1.33333337306976,0,0],"ti":[-0.66666668653488,0,0]},{"t":140}],"ix":2},"a":{"a":0,"k":[13.5,54,0],"ix":1},"s":{"a":1,"k":[{"i":{"x":[0.833,0.833,0.833],"y":[0.833,0.833,1]},"o":{"x":[0.333,0.333,0.333],"y":[0,0,0]},"n":["0p833_0p833_0p333_0","0p833_0p833_0p333_0","0p833_1_0p333_0"],"t":20,"s":[50,50,100],"e":[100,100,100]},{"i":{"x":[0.667,0.667,0.667],"y":[1,1,1]},"o":{"x":[0.167,0.167,0.167],"y":[0.167,0.167,2.564]},"n":["0p667_1_0p167_0p167","0p667_1_0p167_0p167","0p667_1_0p167_2p564"],"t":80,"s":[100,100,100],"e":[150,150,100]},{"t":140}],"ix":6}},"ao":0,"shapes":[{"ty":"gr","it":[{"ind":0,"ty":"sh","ix":1,"ks":{"a":0,"k":{"i":[[-0.35,-0.43],[0,-5.59],[4.53,-5.67],[-0.44,-0.34],[-0.34,0.44],[0,6.08],[4.8,6],[0.43,-0.35]],"o":[[4.53,5.67],[0,5.59],[-0.35,0.43],[0.43,0.35],[4.8,-6],[0,-6.08],[-0.34,-0.44],[-0.44,0.34]],"v":[[0.22,1.62],[7,18.5],[0.22,35.38],[0.38,36.78],[1.78,36.62],[9,18.5],[1.78,0.38],[0.38,0.22]],"c":true},"ix":2},"nm":"Path 1","mn":"ADBE Vector Shape - Group","hd":false},{"ty":"fl","c":{"a":0,"k":[1,0.909803986549,0,1],"ix":4},"o":{"a":0,"k":100,"ix":5},"r":1,"nm":"Fill 1","mn":"ADBE Vector Graphic - Fill","hd":false},{"ty":"tr","p":{"a":0,"k":[0,0],"ix":2},"a":{"a":0,"k":[0,0],"ix":1},"s":{"a":0,"k":[300,300],"ix":3},"r":{"a":0,"k":0,"ix":6},"o":{"a":0,"k":100,"ix":7},"sk":{"a":0,"k":0,"ix":4},"sa":{"a":0,"k":0,"ix":5},"nm":"Transform"}],"nm":"Group 1","np":2,"cix":2,"ix":1,"mn":"ADBE Vector Group","hd":false}],"ip":0,"op":170,"st":0,"bm":0},{"ddd":0,"ind":10,"ty":4,"nm":"Right Signal","parent":1,"sr":1,"ks":{"o":{"a":1,"k":[{"i":{"x":[0.833],"y":[0.833]},"o":{"x":[0.333],"y":[0]},"n":["0p833_0p833_0p333_0"],"t":10,"s":[0],"e":[100]},{"i":{"x":[0.667],"y":[1]},"o":{"x":[0.167],"y":[0.167]},"n":["0p667_1_0p167_0p167"],"t":50,"s":[100],"e":[0]},{"t":130}],"ix":11},"r":{"a":0,"k":0,"ix":10},"p":{"a":1,"k":[{"i":{"x":0.833,"y":0.833},"o":{"x":0.333,"y":0},"n":"0p833_0p833_0p333_0","t":10,"s":[417.125,108,0],"e":[421.125,108,0],"to":[0.66666668653488,0,0],"ti":[-1.33333337306976,0,0]},{"i":{"x":0.667,"y":1},"o":{"x":0.167,"y":0.167},"n":"0p667_1_0p167_0p167","t":70,"s":[421.125,108,0],"e":[425.125,108,0],"to":[1.33333337306976,0,0],"ti":[-0.66666668653488,0,0]},{"t":130}],"ix":2},"a":{"a":0,"k":[9.125,36,0],"ix":1},"s":{"a":1,"k":[{"i":{"x":[0.833,0.833,0.833],"y":[0.833,0.833,1]},"o":{"x":[0.333,0.333,0.333],"y":[0,0,0]},"n":["0p833_0p833_0p333_0","0p833_0p833_0p333_0","0p833_1_0p333_0"],"t":10,"s":[50,50,100],"e":[100,100,100]},{"i":{"x":[0.667,0.667,0.667],"y":[1,1,1]},"o":{"x":[0.167,0.167,0.167],"y":[0.167,0.167,2.564]},"n":["0p667_1_0p167_0p167","0p667_1_0p167_0p167","0p667_1_0p167_2p564"],"t":70,"s":[100,100,100],"e":[150,150,100]},{"t":130}],"ix":6}},"ao":0,"shapes":[{"ty":"gr","it":[{"ind":0,"ty":"sh","ix":1,"ks":{"a":0,"k":{"i":[[-0.32,-0.45],[0,-3.44],[2.55,-3.5],[-0.44,-0.33],[-0.33,0.44],[0,3.89],[2.78,3.83],[0.45,-0.32]],"o":[[2.55,3.5],[0,3.44],[-0.32,0.45],[0.45,0.32],[2.78,-3.83],[0,-3.89],[-0.33,-0.44],[-0.44,0.33]],"v":[[0.19,1.59],[4,12],[0.19,22.41],[0.41,23.81],[1.81,23.59],[6,12],[1.81,0.41],[0.41,0.19]],"c":true},"ix":2},"nm":"Path 1","mn":"ADBE Vector Shape - Group","hd":false},{"ty":"fl","c":{"a":0,"k":[1,0.909803986549,0,1],"ix":4},"o":{"a":0,"k":100,"ix":5},"r":1,"nm":"Fill 1","mn":"ADBE Vector Graphic - Fill","hd":false},{"ty":"tr","p":{"a":0,"k":[0,0],"ix":2},"a":{"a":0,"k":[0,0],"ix":1},"s":{"a":0,"k":[300,300],"ix":3},"r":{"a":0,"k":0,"ix":6},"o":{"a":0,"k":100,"ix":7},"sk":{"a":0,"k":0,"ix":4},"sa":{"a":0,"k":0,"ix":5},"nm":"Transform"}],"nm":"Group 1","np":2,"cix":2,"ix":1,"mn":"ADBE Vector Group","hd":false}],"ip":0,"op":170,"st":0,"bm":0},{"ddd":0,"ind":11,"ty":4,"nm":"Right Signal","parent":1,"sr":1,"ks":{"o":{"a":1,"k":[{"i":{"x":[0.833],"y":[0.833]},"o":{"x":[0.333],"y":[0]},"n":["0p833_0p833_0p333_0"],"t":0,"s":[0],"e":[100]},{"i":{"x":[0.667],"y":[1]},"o":{"x":[0.167],"y":[0.167]},"n":["0p667_1_0p167_0p167"],"t":40,"s":[100],"e":[0]},{"t":120}],"ix":11},"r":{"a":0,"k":0,"ix":10},"p":{"a":1,"k":[{"i":{"x":0.833,"y":0.833},"o":{"x":0.333,"y":0},"n":"0p833_0p833_0p333_0","t":0,"s":[366.125,108,0],"e":[370.125,108,0],"to":[0.66666668653488,0,0],"ti":[-1.33333337306976,0,0]},{"i":{"x":0.667,"y":1},"o":{"x":0.167,"y":0.167},"n":"0p667_1_0p167_0p167","t":60,"s":[370.125,108,0],"e":[374.125,108,0],"to":[1.33333337306976,0,0],"ti":[-0.66666668653488,0,0]},{"t":120}],"ix":2},"a":{"a":0,"k":[6.125,21,0],"ix":1},"s":{"a":1,"k":[{"i":{"x":[0.833,0.833,0.833],"y":[0.833,0.833,-7.333]},"o":{"x":[0.333,0.333,0.333],"y":[0,0,0]},"n":["0p833_0p833_0p333_0","0p833_0p833_0p333_0","0p833_-7p333_0p333_0"],"t":0,"s":[50,50,100],"e":[100,100,100]},{"i":{"x":[0.667,0.667,0.667],"y":[1,1,1]},"o":{"x":[0.167,0.167,0.167],"y":[0.167,0.167,2.564]},"n":["0p667_1_0p167_0p167","0p667_1_0p167_0p167","0p667_1_0p167_2p564"],"t":60,"s":[100,100,100],"e":[150,150,100]},{"t":120}],"ix":6}},"ao":0,"shapes":[{"ty":"gr","it":[{"ind":0,"ty":"sh","ix":1,"ks":{"a":0,"k":{"i":[[-0.31,-0.45],[0,-1.79],[1.23,-1.85],[-0.46,-0.3],[-0.3,0.46],[0,2.21],[1.44,2.15],[0.45,-0.31]],"o":[[1.23,1.85],[0,1.79],[-0.31,0.45],[0.45,0.31],[1.44,-2.15],[0,-2.21],[-0.3,-0.46],[-0.46,0.3]],"v":[[0.17,1.55],[2,7],[0.17,12.45],[0.45,13.83],[1.83,13.55],[4,7],[1.83,0.45],[0.45,0.17]],"c":true},"ix":2},"nm":"Path 1","mn":"ADBE Vector Shape - Group","hd":false},{"ty":"fl","c":{"a":0,"k":[1,0.909803986549,0,1],"ix":4},"o":{"a":0,"k":100,"ix":5},"r":1,"nm":"Fill 1","mn":"ADBE Vector Graphic - Fill","hd":false},{"ty":"tr","p":{"a":0,"k":[0,0],"ix":2},"a":{"a":0,"k":[0,0],"ix":1},"s":{"a":0,"k":[300,300],"ix":3},"r":{"a":0,"k":0,"ix":6},"o":{"a":0,"k":100,"ix":7},"sk":{"a":0,"k":0,"ix":4},"sa":{"a":0,"k":0,"ix":5},"nm":"Transform"}],"nm":"Group 1","np":2,"cix":2,"ix":1,"mn":"ADBE Vector Group","hd":false}],"ip":0,"op":170,"st":0,"bm":0},{"ddd":0,"ind":12,"ty":3,"nm":"▽ Clouds","sr":1,"ks":{"o":{"a":0,"k":100,"ix":11},"r":{"a":0,"k":0,"ix":10},"p":{"a":0,"k":[484.639,129.624,0],"ix":2},"a":{"a":0,"k":[0,0,0],"ix":1},"s":{"a":0,"k":[100,100,100],"ix":6}},"ao":0,"ip":0,"op":170,"st":0,"bm":0},{"ddd":0,"ind":13,"ty":4,"nm":"Cloud","parent":12,"sr":1,"ks":{"o":{"a":0,"k":100,"ix":11},"r":{"a":0,"k":0,"ix":10},"p":{"a":0,"k":[0.39,0,0],"ix":2},"a":{"a":0,"k":[0,0,0],"ix":1},"s":{"a":0,"k":[100,100,100],"ix":6}},"ao":0,"shapes":[{"ty":"gr","it":[{"ind":0,"ty":"sh","ix":1,"ks":{"a":0,"k":{"i":[[0,0],[0,0],[2.35,1.09],[3.13,0.27],[7.05,1.64],[3.15,0.8],[11.58,-4.04],[3.92,-2.74],[8.62,-2.73]],"o":[[0,0],[0,0],[-2.35,-1.1],[-1.26,-0.11],[-7.43,-1.73],[-4.31,-1.1],[-9.4,3.29],[-3.91,2.74],[-8.61,2.74]],"v":[[0,24.67],[65,24.67],[61.09,15.91],[55.61,19.74],[46.21,9.89],[36.81,15.91],[29.76,0.58],[20.36,15.91],[10.18,10.98]],"c":true},"ix":2},"nm":"Path 1","mn":"ADBE Vector Shape - Group","hd":false},{"ty":"fl","c":{"a":0,"k":[1,1,1,1],"ix":4},"o":{"a":0,"k":100,"ix":5},"r":1,"nm":"Fill 1","mn":"ADBE Vector Graphic - Fill","hd":false},{"ty":"tr","p":{"a":0,"k":[0,0],"ix":2},"a":{"a":0,"k":[0,0],"ix":1},"s":{"a":0,"k":[300,300],"ix":3},"r":{"a":0,"k":0,"ix":6},"o":{"a":0,"k":100,"ix":7},"sk":{"a":0,"k":0,"ix":4},"sa":{"a":0,"k":0,"ix":5},"nm":"Transform"}],"nm":"Group 1","np":2,"cix":2,"ix":1,"mn":"ADBE Vector Group","hd":false}],"ip":0,"op":170,"st":0,"bm":0},{"ddd":0,"ind":14,"ty":4,"nm":"Cloud","parent":12,"sr":1,"ks":{"o":{"a":0,"k":100,"ix":11},"r":{"a":0,"k":0,"ix":10},"p":{"a":0,"k":[334.53,214.38,0],"ix":2},"a":{"a":0,"k":[0,0,0],"ix":1},"s":{"a":0,"k":[100,100,100],"ix":6}},"ao":0,"shapes":[{"ty":"gr","it":[{"ind":0,"ty":"sh","ix":1,"ks":{"a":0,"k":{"i":[[0,0],[0,0],[6.01,-1.64],[3.29,2.06],[3.83,0],[0,0],[6.48,0]],"o":[[0,0],[0,0],[-6,1.64],[-3.29,-2.07],[-5.05,0],[0,0],[-7,0]],"v":[[0.44,13.96],[57.18,13.96],[50.94,2.5],[42.44,10.01],[31.94,0],[20.94,9.5],[5.44,2.5]],"c":true},"ix":2},"nm":"Path 1","mn":"ADBE Vector Shape - Group","hd":false},{"ty":"fl","c":{"a":0,"k":[1,1,1,1],"ix":4},"o":{"a":0,"k":100,"ix":5},"r":1,"nm":"Fill 1","mn":"ADBE Vector Graphic - Fill","hd":false},{"ty":"tr","p":{"a":0,"k":[0,0],"ix":2},"a":{"a":0,"k":[0,0],"ix":1},"s":{"a":0,"k":[300,300],"ix":3},"r":{"a":0,"k":0,"ix":6},"o":{"a":0,"k":100,"ix":7},"sk":{"a":0,"k":0,"ix":4},"sa":{"a":0,"k":0,"ix":5},"nm":"Transform"}],"nm":"Group 1","np":2,"cix":2,"ix":1,"mn":"ADBE Vector Group","hd":false}],"ip":0,"op":170,"st":0,"bm":0},{"ddd":0,"ind":15,"ty":4,"nm":"Cloud","parent":12,"sr":1,"ks":{"o":{"a":0,"k":100,"ix":11},"r":{"a":0,"k":0,"ix":10},"p":{"a":0,"k":[252,147,0],"ix":2},"a":{"a":0,"k":[0,0,0],"ix":1},"s":{"a":0,"k":[100,100,100],"ix":6}},"ao":0,"shapes":[{"ty":"gr","it":[{"ind":0,"ty":"sh","ix":1,"ks":{"a":0,"k":{"i":[[0,0],[0,0],[6.01,-1.64],[3.29,2.06],[3.83,0]],"o":[[0,0],[0,0],[-6.01,1.64],[-3.29,-2.07],[-3.82,0]],"v":[[0,16.42],[31.69,16.42],[30.59,8.76],[16.95,12.47],[8.19,0]],"c":true},"ix":2},"nm":"Path 1","mn":"ADBE Vector Shape - Group","hd":false},{"ty":"fl","c":{"a":0,"k":[1,1,1,1],"ix":4},"o":{"a":0,"k":100,"ix":5},"r":1,"nm":"Fill 1","mn":"ADBE Vector Graphic - Fill","hd":false},{"ty":"tr","p":{"a":0,"k":[0,0],"ix":2},"a":{"a":0,"k":[0,0],"ix":1},"s":{"a":0,"k":[300,300],"ix":3},"r":{"a":0,"k":0,"ix":6},"o":{"a":0,"k":100,"ix":7},"sk":{"a":0,"k":0,"ix":4},"sa":{"a":0,"k":0,"ix":5},"nm":"Transform"}],"nm":"Group 1","np":2,"cix":2,"ix":1,"mn":"ADBE Vector Group","hd":false}],"ip":0,"op":170,"st":0,"bm":0},{"ddd":0,"ind":16,"ty":3,"nm":"▽ Antenna","sr":1,"ks":{"o":{"a":0,"k":100,"ix":11},"r":{"a":0,"k":0,"ix":10},"p":{"a":0,"k":[390,300.5,0],"ix":2},"a":{"a":0,"k":[0,0,0],"ix":1},"s":{"a":0,"k":[100,100,100],"ix":6}},"ao":0,"ip":0,"op":170,"st":0,"bm":0},{"ddd":0,"ind":17,"ty":3,"nm":"▽ Receiver","parent":16,"sr":1,"ks":{"o":{"a":0,"k":100,"ix":11},"r":{"a":0,"k":0,"ix":10},"p":{"a":0,"k":[51,0,0],"ix":2},"a":{"a":0,"k":[0,0,0],"ix":1},"s":{"a":0,"k":[100,100,100],"ix":6}},"ao":0,"ip":0,"op":170,"st":0,"bm":0},{"ddd":0,"ind":18,"ty":4,"nm":"Receiver Shadow","parent":17,"sr":1,"ks":{"o":{"a":0,"k":100,"ix":11},"r":{"a":0,"k":0,"ix":10},"p":{"a":0,"k":[0,15,0],"ix":2},"a":{"a":0,"k":[0,0,0],"ix":1},"s":{"a":0,"k":[100,100,100],"ix":6}},"ao":0,"shapes":[{"ty":"gr","it":[{"ind":0,"ty":"sh","ix":1,"ks":{"a":0,"k":{"i":[[-5.167,0],[0,0],[2.917,-0.016],[0,0]],"o":[[5.042,-0.042],[0,0],[-2.812,-0.037],[0,0]],"v":[[5,5],[10,0],[5,1.87],[0,0]],"c":true},"ix":2},"nm":"Path 1","mn":"ADBE Vector Shape - Group","hd":false},{"ty":"fl","c":{"a":0,"k":[0,0.466666996479,0.592157006264,1],"ix":4},"o":{"a":0,"k":100,"ix":5},"r":1,"nm":"Fill 1","mn":"ADBE Vector Graphic - Fill","hd":false},{"ty":"tr","p":{"a":0,"k":[0,0],"ix":2},"a":{"a":0,"k":[0,0],"ix":1},"s":{"a":0,"k":[300,300],"ix":3},"r":{"a":0,"k":0,"ix":6},"o":{"a":0,"k":100,"ix":7},"sk":{"a":0,"k":0,"ix":4},"sa":{"a":0,"k":0,"ix":5},"nm":"Transform"}],"nm":"Group 1","np":2,"cix":2,"ix":1,"mn":"ADBE Vector Group","hd":false}],"ip":0,"op":170,"st":0,"bm":0},{"ddd":0,"ind":19,"ty":4,"nm":"Receiver","parent":17,"sr":1,"ks":{"o":{"a":0,"k":100,"ix":11},"r":{"a":0,"k":0,"ix":10},"p":{"a":0,"k":[0,0,0],"ix":2},"a":{"a":0,"k":[0,0,0],"ix":1},"s":{"a":0,"k":[100,100,100],"ix":6}},"ao":0,"shapes":[{"ty":"gr","it":[{"d":1,"ty":"el","s":{"a":0,"k":[10,10],"ix":2},"p":{"a":0,"k":[0,0],"ix":3,"x":"var $bm_rt;\n$bm_rt = div(thisProperty.propertyGroup(1)(2), 2);"},"nm":"Ellipse Path 1","mn":"ADBE Vector Shape - Ellipse","hd":false},{"ty":"fl","c":{"a":0,"k":[0,0.643136978149,0.811765015125,1],"ix":4},"o":{"a":0,"k":100,"ix":5},"r":1,"nm":"Fill 1","mn":"ADBE Vector Graphic - Fill","hd":false},{"ty":"tr","p":{"a":0,"k":[0,0],"ix":2},"a":{"a":0,"k":[0,0],"ix":1},"s":{"a":0,"k":[300,300],"ix":3},"r":{"a":0,"k":0,"ix":6},"o":{"a":0,"k":100,"ix":7},"sk":{"a":0,"k":0,"ix":4},"sa":{"a":0,"k":0,"ix":5},"nm":"Transform"}],"nm":"Receiver","np":2,"cix":2,"ix":1,"mn":"ADBE Vector Group","hd":false}],"ip":0,"op":170,"st":0,"bm":0},{"ddd":0,"ind":20,"ty":3,"nm":"▽ Tower","parent":16,"sr":1,"ks":{"o":{"a":0,"k":100,"ix":11},"r":{"a":0,"k":0,"ix":10},"p":{"a":0,"k":[0,9,0],"ix":2},"a":{"a":0,"k":[0,0,0],"ix":1},"s":{"a":0,"k":[100,100,100],"ix":6}},"ao":0,"ip":0,"op":170,"st":0,"bm":0},{"ddd":0,"ind":21,"ty":4,"nm":"Tower Poles","parent":20,"sr":1,"ks":{"o":{"a":0,"k":100,"ix":11},"r":{"a":0,"k":0,"ix":10},"p":{"a":0,"k":[11.55,57.75,0],"ix":2},"a":{"a":0,"k":[0,0,0],"ix":1},"s":{"a":0,"k":[100,100,100],"ix":6}},"ao":0,"shapes":[{"ty":"gr","it":[{"ind":0,"ty":"sh","ix":1,"ks":{"a":0,"k":{"i":[[0,0],[-0.08,0.18],[0,0],[-0.27,-0.13],[0.12,-0.28],[0,0],[0,0],[0.16,-0.19],[0,0],[0,0],[0.21,-0.22],[0.22,0.22],[0,0],[-0.18,0.22],[0,0]],"o":[[-0.11,-0.16],[0,0],[0.12,-0.28],[0.28,0.13],[0,0],[0,0],[0.14,0.2],[0,0],[0,0],[0.21,0.22],[-0.22,0.21],[0,0],[-0.2,-0.2],[0,0],[0,0]],"v":[[11.65,21.14],[11.6,20.59],[20.74,0.32],[21.46,0.05],[21.73,0.78],[12.73,20.77],[30.15,45.81],[30.12,46.48],[1.29,80.2],[18.55,98.53],[18.54,99.32],[17.75,99.3],[0.16,80.6],[0.13,79.86],[29.01,46.09]],"c":true},"ix":2},"nm":"Path 1","mn":"ADBE Vector Shape - Group","hd":false},{"ty":"fl","c":{"a":0,"k":[0,0.643136978149,0.811765015125,1],"ix":4},"o":{"a":0,"k":100,"ix":5},"r":1,"nm":"Fill 1","mn":"ADBE Vector Graphic - Fill","hd":false},{"ty":"tr","p":{"a":0,"k":[0,0],"ix":2},"a":{"a":0,"k":[0,0],"ix":1},"s":{"a":0,"k":[300,300],"ix":3},"r":{"a":0,"k":0,"ix":6},"o":{"a":0,"k":100,"ix":7},"sk":{"a":0,"k":0,"ix":4},"sa":{"a":0,"k":0,"ix":5},"nm":"Transform"}],"nm":"Group 1","np":2,"cix":2,"ix":1,"mn":"ADBE Vector Group","hd":false}],"ip":0,"op":170,"st":0,"bm":0},{"ddd":0,"ind":22,"ty":4,"nm":"Tower Poles","parent":20,"sr":1,"ks":{"o":{"a":0,"k":100,"ix":11},"r":{"a":0,"k":0,"ix":10},"p":{"a":0,"k":[31.35,57.75,0],"ix":2},"a":{"a":0,"k":[0,0,0],"ix":1},"s":{"a":0,"k":[100,100,100],"ix":6}},"ao":0,"shapes":[{"ty":"gr","it":[{"ind":0,"ty":"sh","ix":1,"ks":{"a":0,"k":{"i":[[0,0],[0.09,0.18],[0,0],[0.27,-0.14],[-0.14,-0.27],[0,0],[0,0],[-0.16,-0.19],[0,0],[0,0],[-0.22,-0.2],[-0.21,0.22],[0,0],[0.18,0.22],[0,0]],"o":[[0.12,-0.16],[0,0],[-0.13,-0.27],[-0.27,0.13],[0,0],[0,0],[-0.14,0.21],[0,0],[0,0],[-0.21,0.22],[0.22,0.21],[0,0],[0.19,-0.2],[0,0],[0,0]],"v":[[18.6,21.14],[18.64,20.58],[8.96,0.31],[8.23,0.06],[7.98,0.79],[17.51,20.78],[0.1,45.81],[0.13,46.48],[28.41,80.2],[11.15,98.55],[11.17,99.32],[11.95,99.3],[29.55,80.6],[29.57,79.87],[1.24,46.09]],"c":true},"ix":2},"nm":"Path 1","mn":"ADBE Vector Shape - Group","hd":false},{"ty":"fl","c":{"a":0,"k":[0,0.643136978149,0.811765015125,1],"ix":4},"o":{"a":0,"k":100,"ix":5},"r":1,"nm":"Fill 1","mn":"ADBE Vector Graphic - Fill","hd":false},{"ty":"tr","p":{"a":0,"k":[0,0],"ix":2},"a":{"a":0,"k":[0,0],"ix":1},"s":{"a":0,"k":[300,300],"ix":3},"r":{"a":0,"k":0,"ix":6},"o":{"a":0,"k":100,"ix":7},"sk":{"a":0,"k":0,"ix":4},"sa":{"a":0,"k":0,"ix":5},"nm":"Transform"}],"nm":"Group 1","np":2,"cix":2,"ix":1,"mn":"ADBE Vector Group","hd":false}],"ip":0,"op":170,"st":0,"bm":0},{"ddd":0,"ind":23,"ty":4,"nm":"Tower Poles","parent":20,"sr":1,"ks":{"o":{"a":0,"k":100,"ix":11},"r":{"a":0,"k":0,"ix":10},"p":{"a":0,"k":[64.35,18.15,0],"ix":2},"a":{"a":0,"k":[0,0,0],"ix":1},"s":{"a":0,"k":[100,100,100],"ix":6}},"ao":0,"shapes":[{"ty":"gr","it":[{"ind":0,"ty":"sh","ix":1,"ks":{"a":0,"k":{"i":[[0,0.3],[0,0],[0.3,0],[0,-0.3],[0,0],[-0.3,0]],"o":[[0,0],[0,-0.3],[-0.3,0],[0,0],[0,0.3],[0.3,0]],"v":[[1.1,111.65],[1.1,0.55],[0.55,0],[0,0.55],[0,111.65],[0.55,112.2]],"c":true},"ix":2},"nm":"Path 1","mn":"ADBE Vector Shape - Group","hd":false},{"ty":"fl","c":{"a":0,"k":[0,0.643136978149,0.811765015125,1],"ix":4},"o":{"a":0,"k":100,"ix":5},"r":1,"nm":"Fill 1","mn":"ADBE Vector Graphic - Fill","hd":false},{"ty":"tr","p":{"a":0,"k":[0,0],"ix":2},"a":{"a":0,"k":[0,0],"ix":1},"s":{"a":0,"k":[300,300],"ix":3},"r":{"a":0,"k":0,"ix":6},"o":{"a":0,"k":100,"ix":7},"sk":{"a":0,"k":0,"ix":4},"sa":{"a":0,"k":0,"ix":5},"nm":"Transform"}],"nm":"Group 1","np":2,"cix":2,"ix":1,"mn":"ADBE Vector Group","hd":false}],"ip":0,"op":170,"st":0,"bm":0},{"ddd":0,"ind":24,"ty":4,"nm":"Tower Poles","parent":20,"sr":1,"ks":{"o":{"a":0,"k":100,"ix":11},"r":{"a":0,"k":0,"ix":10},"p":{"a":0,"k":[0,0.9,0],"ix":2},"a":{"a":0,"k":[0,0,0],"ix":1},"s":{"a":0,"k":[100,100,100],"ix":6}},"ao":0,"shapes":[{"ty":"gr","it":[{"ty":"gr","it":[{"ind":0,"ty":"sh","ix":1,"ks":{"a":0,"k":{"i":[[0,0],[0,0],[0,0]],"o":[[0,0],[0,0],[0,0]],"v":[[0,111.66],[41.36,111.66],[20.68,0]],"c":true},"ix":2},"nm":"Path 1","mn":"ADBE Vector Shape - Group","hd":false},{"ty":"tr","p":{"a":0,"k":[1.32,6.04],"ix":2},"a":{"a":0,"k":[0,0],"ix":1},"s":{"a":0,"k":[100,100],"ix":3},"r":{"a":0,"k":0,"ix":6},"o":{"a":0,"k":100,"ix":7},"sk":{"a":0,"k":0,"ix":4},"sa":{"a":0,"k":0,"ix":5},"nm":"Transform"}],"nm":"Path","np":1,"cix":2,"ix":1,"mn":"ADBE Vector Group","hd":false},{"ty":"gr","it":[{"ind":0,"ty":"sh","ix":1,"ks":{"a":0,"k":{"i":[[0,0],[0,0],[0,0]],"o":[[0,0],[0,0],[0,0]],"v":[[22,0],[44,118.8],[0,118.8]],"c":true},"ix":2},"nm":"Path 1","mn":"ADBE Vector Shape - Group","hd":false},{"ty":"tr","p":{"a":0,"k":[0,0],"ix":2},"a":{"a":0,"k":[0,0],"ix":1},"s":{"a":0,"k":[100,100],"ix":3},"r":{"a":0,"k":0,"ix":6},"o":{"a":0,"k":100,"ix":7},"sk":{"a":0,"k":0,"ix":4},"sa":{"a":0,"k":0,"ix":5},"nm":"Transform"}],"nm":"Path","np":1,"cix":2,"ix":2,"mn":"ADBE Vector Group","hd":false},{"ty":"mm","mm":1,"nm":"Merge Paths 1","mn":"ADBE Vector Filter - Merge","hd":false},{"ty":"fl","c":{"a":0,"k":[0,0.643136978149,0.811765015125,1],"ix":4},"o":{"a":0,"k":100,"ix":5},"r":1,"nm":"Fill 1","mn":"ADBE Vector Graphic - Fill","hd":false},{"ty":"tr","p":{"a":0,"k":[0,0],"ix":2},"a":{"a":0,"k":[0,0],"ix":1},"s":{"a":0,"k":[300,300],"ix":3},"r":{"a":0,"k":0,"ix":6},"o":{"a":0,"k":100,"ix":7},"sk":{"a":0,"k":0,"ix":4},"sa":{"a":0,"k":0,"ix":5},"nm":"Transform"}],"nm":"Tower Poles","np":4,"cix":2,"ix":1,"mn":"ADBE Vector Group","hd":false}],"ip":0,"op":170,"st":0,"bm":0},{"ddd":0,"ind":25,"ty":4,"nm":"Ground Line","sr":1,"ks":{"o":{"a":0,"k":100,"ix":11},"r":{"a":0,"k":0,"ix":10},"p":{"a":0,"k":[320.61,663.59,0],"ix":2},"a":{"a":0,"k":[0,0,0],"ix":1},"s":{"a":0,"k":[100,100,100],"ix":6}},"ao":0,"shapes":[{"ty":"gr","it":[{"ind":0,"ty":"sh","ix":1,"ks":{"a":0,"k":{"i":[[-0.31,0],[0,0],[0,0.3],[0.3,0],[0,0],[0,-0.3]],"o":[[0,0],[0.3,0],[0,-0.3],[0,0],[-0.31,0],[0,0.3]],"v":[[0.55,1.09],[170.7,1.09],[171.25,0.55],[170.7,0],[0.55,0],[0,0.55]],"c":true},"ix":2},"nm":"Path 1","mn":"ADBE Vector Shape - Group","hd":false},{"ty":"fl","c":{"a":0,"k":[0,0.643136978149,0.811765015125,1],"ix":4},"o":{"a":0,"k":100,"ix":5},"r":1,"nm":"Fill 1","mn":"ADBE Vector Graphic - Fill","hd":false},{"ty":"tr","p":{"a":0,"k":[0,0],"ix":2},"a":{"a":0,"k":[0,0],"ix":1},"s":{"a":0,"k":[300,300],"ix":3},"r":{"a":0,"k":0,"ix":6},"o":{"a":0,"k":100,"ix":7},"sk":{"a":0,"k":0,"ix":4},"sa":{"a":0,"k":0,"ix":5},"nm":"Transform"}],"nm":"Group 1","np":2,"cix":2,"ix":1,"mn":"ADBE Vector Group","hd":false}],"ip":0,"op":170,"st":0,"bm":0},{"ddd":0,"ind":26,"ty":4,"nm":"Ground Shadow","sr":1,"ks":{"o":{"a":0,"k":100,"ix":11},"r":{"a":0,"k":0,"ix":10},"p":{"a":0,"k":[386.67,645.56,0],"ix":2},"a":{"a":0,"k":[0,0,0],"ix":1},"s":{"a":0,"k":[100,100,100],"ix":6}},"ao":0,"shapes":[{"ty":"gr","it":[{"d":1,"ty":"el","s":{"a":0,"k":[46.49,14],"ix":2},"p":{"a":0,"k":[0,0],"ix":3,"x":"var $bm_rt;\n$bm_rt = div(thisProperty.propertyGroup(1)(2), 2);"},"nm":"Ellipse Path 1","mn":"ADBE Vector Shape - Ellipse","hd":false},{"ty":"fl","c":{"a":0,"k":[0.602505028248,0.806881010532,0.870747983456,1],"ix":4},"o":{"a":0,"k":100,"ix":5},"r":1,"nm":"Fill 1","mn":"ADBE Vector Graphic - Fill","hd":false},{"ty":"tr","p":{"a":0,"k":[0,0],"ix":2},"a":{"a":0,"k":[0,0],"ix":1},"s":{"a":0,"k":[300,300],"ix":3},"r":{"a":0,"k":0,"ix":6},"o":{"a":0,"k":100,"ix":7},"sk":{"a":0,"k":0,"ix":4},"sa":{"a":0,"k":0,"ix":5},"nm":"Transform"}],"nm":"Ground Shadow","np":2,"cix":2,"ix":1,"mn":"ADBE Vector Group","hd":false}],"ip":0,"op":170,"st":0,"bm":0},{"ddd":0,"ind":27,"ty":3,"nm":"▽ Trees","sr":1,"ks":{"o":{"a":0,"k":100,"ix":11},"r":{"a":0,"k":0,"ix":10},"p":{"a":0,"k":[555.833,407.257,0],"ix":2},"a":{"a":0,"k":[0,0,0],"ix":1},"s":{"a":0,"k":[100,100,100],"ix":6}},"ao":0,"ip":0,"op":170,"st":0,"bm":0},{"ddd":0,"ind":28,"ty":4,"nm":"Branch","parent":27,"sr":1,"ks":{"o":{"a":0,"k":100,"ix":11},"r":{"a":0,"k":0,"ix":10},"p":{"a":0,"k":[37.11,139.56,0],"ix":2},"a":{"a":0,"k":[0,0,0],"ix":1},"s":{"a":0,"k":[100,100,100],"ix":6}},"ao":0,"shapes":[{"ty":"gr","it":[{"ind":0,"ty":"sh","ix":1,"ks":{"a":0,"k":{"i":[[-0.28,0.1],[0.95,1.5],[0.25,-0.17],[-0.16,-0.25],[1.87,-0.64],[-0.1,-0.29]],"o":[[2.44,-0.82],[-0.16,-0.25],[-0.26,0.16],[0.45,0.7],[-0.28,0.09],[0.1,0.29]],"v":[[0.72,3.8],[3.19,0.25],[2.44,0.09],[2.27,0.84],[0.37,2.77],[0.03,3.46]],"c":true},"ix":2},"nm":"Path 1","mn":"ADBE Vector Shape - Group","hd":false},{"ty":"fl","c":{"a":0,"k":[0.878431022167,0.878431022167,0.878431022167,1],"ix":4},"o":{"a":0,"k":100,"ix":5},"r":1,"nm":"Fill 1","mn":"ADBE Vector Graphic - Fill","hd":false},{"ty":"tr","p":{"a":0,"k":[0,0],"ix":2},"a":{"a":0,"k":[0,0],"ix":1},"s":{"a":0,"k":[300,300],"ix":3},"r":{"a":0,"k":0,"ix":6},"o":{"a":0,"k":100,"ix":7},"sk":{"a":0,"k":0,"ix":4},"sa":{"a":0,"k":0,"ix":5},"nm":"Transform"}],"nm":"Group 1","np":2,"cix":2,"ix":1,"mn":"ADBE Vector Group","hd":false}],"ip":0,"op":170,"st":0,"bm":0},{"ddd":0,"ind":29,"ty":4,"nm":"Branch","parent":27,"sr":1,"ks":{"o":{"a":0,"k":100,"ix":11},"r":{"a":0,"k":0,"ix":10},"p":{"a":0,"k":[56.76,123.15,0],"ix":2},"a":{"a":0,"k":[0,0,0],"ix":1},"s":{"a":0,"k":[100,100,100],"ix":6}},"ao":0,"shapes":[{"ty":"gr","it":[{"ind":0,"ty":"sh","ix":1,"ks":{"a":0,"k":{"i":[[-0.12,0.28],[-1.53,0],[0,0.3],[0.3,0],[2.27,-4.93],[-0.28,-0.13]],"o":[[2.1,-4.55],[0.3,0],[0,-0.3],[-2.13,0],[-0.13,0.28],[0.27,0.13]],"v":[[1.04,7.89],[6.56,1.09],[7.1,0.55],[6.56,0],[0.05,7.43],[0.32,8.16]],"c":true},"ix":2},"nm":"Path 1","mn":"ADBE Vector Shape - Group","hd":false},{"ty":"fl","c":{"a":0,"k":[0.878431022167,0.878431022167,0.878431022167,1],"ix":4},"o":{"a":0,"k":100,"ix":5},"r":1,"nm":"Fill 1","mn":"ADBE Vector Graphic - Fill","hd":false},{"ty":"tr","p":{"a":0,"k":[0,0],"ix":2},"a":{"a":0,"k":[0,0],"ix":1},"s":{"a":0,"k":[300,300],"ix":3},"r":{"a":0,"k":0,"ix":6},"o":{"a":0,"k":100,"ix":7},"sk":{"a":0,"k":0,"ix":4},"sa":{"a":0,"k":0,"ix":5},"nm":"Transform"}],"nm":"Group 1","np":2,"cix":2,"ix":1,"mn":"ADBE Vector Group","hd":false}],"ip":0,"op":170,"st":0,"bm":0},{"ddd":0,"ind":30,"ty":4,"nm":"Branch","parent":27,"sr":1,"ks":{"o":{"a":0,"k":100,"ix":11},"r":{"a":0,"k":0,"ix":10},"p":{"a":0,"k":[30.54,132.99,0],"ix":2},"a":{"a":0,"k":[0,0,0],"ix":1},"s":{"a":0,"k":[100,100,100],"ix":6}},"ao":0,"shapes":[{"ty":"gr","it":[{"ind":0,"ty":"sh","ix":1,"ks":{"a":0,"k":{"i":[[0.24,0.19],[0,2.7],[0.3,0],[0,-0.3],[-5.58,-4.47],[-0.19,0.23]],"o":[[-5.34,-4.29],[0,-0.3],[-0.31,0],[0,3.13],[0.23,0.19],[0.19,-0.24]],"v":[[9.08,11.07],[1.09,0.55],[0.55,0],[0,0.55],[8.4,11.92],[9.17,11.84]],"c":true},"ix":2},"nm":"Path 1","mn":"ADBE Vector Shape - Group","hd":false},{"ty":"fl","c":{"a":0,"k":[0.878431022167,0.878431022167,0.878431022167,1],"ix":4},"o":{"a":0,"k":100,"ix":5},"r":1,"nm":"Fill 1","mn":"ADBE Vector Graphic - Fill","hd":false},{"ty":"tr","p":{"a":0,"k":[0,0],"ix":2},"a":{"a":0,"k":[0,0],"ix":1},"s":{"a":0,"k":[300,300],"ix":3},"r":{"a":0,"k":0,"ix":6},"o":{"a":0,"k":100,"ix":7},"sk":{"a":0,"k":0,"ix":4},"sa":{"a":0,"k":0,"ix":5},"nm":"Transform"}],"nm":"Group 1","np":2,"cix":2,"ix":1,"mn":"ADBE Vector Group","hd":false}],"ip":0,"op":170,"st":0,"bm":0},{"ddd":0,"ind":31,"ty":4,"nm":"Branch","parent":27,"sr":1,"ks":{"o":{"a":0,"k":100,"ix":11},"r":{"a":0,"k":0,"ix":10},"p":{"a":0,"k":[56.76,116.58,0],"ix":2},"a":{"a":0,"k":[0,0,0],"ix":1},"s":{"a":0,"k":[100,100,100],"ix":6}},"ao":0,"shapes":[{"ty":"gr","it":[{"ind":0,"ty":"sh","ix":1,"ks":{"a":0,"k":{"i":[[0,0.31],[0,0],[0.3,0],[0,-0.3],[0,0],[-0.31,0]],"o":[[0,0],[0,-0.3],[-0.31,0],[0,0],[0,0.31],[0.3,0]],"v":[[1.09,46.52],[1.09,0.55],[0.55,0],[0,0.55],[0,46.52],[0.55,47.07]],"c":true},"ix":2},"nm":"Path 1","mn":"ADBE Vector Shape - Group","hd":false},{"ty":"fl","c":{"a":0,"k":[0.878431022167,0.878431022167,0.878431022167,1],"ix":4},"o":{"a":0,"k":100,"ix":5},"r":1,"nm":"Fill 1","mn":"ADBE Vector Graphic - Fill","hd":false},{"ty":"tr","p":{"a":0,"k":[0,0],"ix":2},"a":{"a":0,"k":[0,0],"ix":1},"s":{"a":0,"k":[300,300],"ix":3},"r":{"a":0,"k":0,"ix":6},"o":{"a":0,"k":100,"ix":7},"sk":{"a":0,"k":0,"ix":4},"sa":{"a":0,"k":0,"ix":5},"nm":"Transform"}],"nm":"Group 1","np":2,"cix":2,"ix":1,"mn":"ADBE Vector Group","hd":false}],"ip":0,"op":170,"st":0,"bm":0},{"ddd":0,"ind":32,"ty":4,"nm":"Branch","parent":27,"sr":1,"ks":{"o":{"a":0,"k":100,"ix":11},"r":{"a":0,"k":0,"ix":10},"p":{"a":0,"k":[155.1,146.13,0],"ix":2},"a":{"a":0,"k":[0,0,0],"ix":1},"s":{"a":0,"k":[100,100,100],"ix":6}},"ao":0,"shapes":[{"ty":"gr","it":[{"ind":0,"ty":"sh","ix":1,"ks":{"a":0,"k":{"i":[[-0.31,0],[-0.59,-0.59],[-0.22,0.21],[0.21,0.22],[3.05,0],[0,-0.3]],"o":[[2.77,0],[0.22,0.21],[0.21,-0.21],[-0.87,-0.86],[-0.31,0],[0,0.3]],"v":[[0.55,1.09],[5.62,2.03],[6.4,2.03],[6.4,1.25],[0.55,0],[0,0.55]],"c":true},"ix":2},"nm":"Path 1","mn":"ADBE Vector Shape - Group","hd":false},{"ty":"fl","c":{"a":0,"k":[1,1,1,1],"ix":4},"o":{"a":0,"k":100,"ix":5},"r":1,"nm":"Fill 1","mn":"ADBE Vector Graphic - Fill","hd":false},{"ty":"tr","p":{"a":0,"k":[0,0],"ix":2},"a":{"a":0,"k":[0,0],"ix":1},"s":{"a":0,"k":[300,300],"ix":3},"r":{"a":0,"k":0,"ix":6},"o":{"a":0,"k":100,"ix":7},"sk":{"a":0,"k":0,"ix":4},"sa":{"a":0,"k":0,"ix":5},"nm":"Transform"}],"nm":"Group 1","np":2,"cix":2,"ix":1,"mn":"ADBE Vector Group","hd":false}],"ip":0,"op":170,"st":0,"bm":0},{"ddd":0,"ind":33,"ty":4,"nm":"Branch","parent":27,"sr":1,"ks":{"o":{"a":0,"k":100,"ix":11},"r":{"a":0,"k":0,"ix":10},"p":{"a":0,"k":[109.23,50.91,0],"ix":2},"a":{"a":0,"k":[0,0,0],"ix":1},"s":{"a":0,"k":[100,100,100],"ix":6}},"ao":0,"shapes":[{"ty":"gr","it":[{"ind":0,"ty":"sh","ix":1,"ks":{"a":0,"k":{"i":[[-0.05,0.3],[-0.33,0.66],[0.27,0.13],[0.13,-0.27],[0.74,-4.08],[-0.3,-0.05]],"o":[[0.72,-3.94],[0.14,-0.27],[-0.27,-0.14],[-0.4,0.8],[-0.06,0.3],[0.3,0.06]],"v":[[1.08,7.76],[2.67,0.79],[2.43,0.06],[1.7,0.3],[0.01,7.56],[0.45,8.2]],"c":true},"ix":2},"nm":"Path 1","mn":"ADBE Vector Shape - Group","hd":false},{"ty":"fl","c":{"a":0,"k":[1,1,1,1],"ix":4},"o":{"a":0,"k":100,"ix":5},"r":1,"nm":"Fill 1","mn":"ADBE Vector Graphic - Fill","hd":false},{"ty":"tr","p":{"a":0,"k":[0,0],"ix":2},"a":{"a":0,"k":[0,0],"ix":1},"s":{"a":0,"k":[300,300],"ix":3},"r":{"a":0,"k":0,"ix":6},"o":{"a":0,"k":100,"ix":7},"sk":{"a":0,"k":0,"ix":4},"sa":{"a":0,"k":0,"ix":5},"nm":"Transform"}],"nm":"Group 1","np":2,"cix":2,"ix":1,"mn":"ADBE Vector Group","hd":false}],"ip":0,"op":170,"st":0,"bm":0},{"ddd":0,"ind":34,"ty":4,"nm":"Branch","parent":27,"sr":1,"ks":{"o":{"a":0,"k":100,"ix":11},"r":{"a":0,"k":0,"ix":10},"p":{"a":0,"k":[99.39,47.61,0],"ix":2},"a":{"a":0,"k":[0,0,0],"ix":1},"s":{"a":0,"k":[100,100,100],"ix":6}},"ao":0,"shapes":[{"ty":"gr","it":[{"ind":0,"ty":"sh","ix":1,"ks":{"a":0,"k":{"i":[[0.23,0.2],[0,4.17],[0.3,0],[0,-0.3],[-8.13,-7.03],[-0.2,0.23]],"o":[[-7.9,-6.84],[0,-0.3],[-0.31,0],[0,4.58],[0.23,0.2],[0.19,-0.23]],"v":[[12.92,17.1],[1.09,0.55],[0.55,0],[0,0.55],[12.21,17.93],[12.98,17.87]],"c":true},"ix":2},"nm":"Path 1","mn":"ADBE Vector Shape - Group","hd":false},{"ty":"fl","c":{"a":0,"k":[1,1,1,1],"ix":4},"o":{"a":0,"k":100,"ix":5},"r":1,"nm":"Fill 1","mn":"ADBE Vector Graphic - Fill","hd":false},{"ty":"tr","p":{"a":0,"k":[0,0],"ix":2},"a":{"a":0,"k":[0,0],"ix":1},"s":{"a":0,"k":[300,300],"ix":3},"r":{"a":0,"k":0,"ix":6},"o":{"a":0,"k":100,"ix":7},"sk":{"a":0,"k":0,"ix":4},"sa":{"a":0,"k":0,"ix":5},"nm":"Transform"}],"nm":"Group 1","np":2,"cix":2,"ix":1,"mn":"ADBE Vector Group","hd":false}],"ip":0,"op":170,"st":0,"bm":0},{"ddd":0,"ind":35,"ty":4,"nm":"Branch","parent":27,"sr":1,"ks":{"o":{"a":0,"k":100,"ix":11},"r":{"a":0,"k":0,"ix":10},"p":{"a":0,"k":[135.45,132.99,0],"ix":2},"a":{"a":0,"k":[0,0,0],"ix":1},"s":{"a":0,"k":[100,100,100],"ix":6}},"ao":0,"shapes":[{"ty":"gr","it":[{"ind":0,"ty":"sh","ix":1,"ks":{"a":0,"k":{"i":[[-0.26,0.16],[-0.39,3.13],[0.3,0.04],[0.04,-0.3],[5.33,-3.2],[-0.16,-0.26]],"o":[[5.59,-3.36],[0.04,-0.3],[-0.3,-0.03],[-0.33,2.71],[-0.26,0.16],[0.15,0.26]],"v":[[0.83,10.32],[9.83,0.62],[9.35,0],[8.74,0.48],[0.27,9.38],[0.08,10.13]],"c":true},"ix":2},"nm":"Path 1","mn":"ADBE Vector Shape - Group","hd":false},{"ty":"fl","c":{"a":0,"k":[1,1,1,1],"ix":4},"o":{"a":0,"k":100,"ix":5},"r":1,"nm":"Fill 1","mn":"ADBE Vector Graphic - Fill","hd":false},{"ty":"tr","p":{"a":0,"k":[0,0],"ix":2},"a":{"a":0,"k":[0,0],"ix":1},"s":{"a":0,"k":[300,300],"ix":3},"r":{"a":0,"k":0,"ix":6},"o":{"a":0,"k":100,"ix":7},"sk":{"a":0,"k":0,"ix":4},"sa":{"a":0,"k":0,"ix":5},"nm":"Transform"}],"nm":"Group 1","np":2,"cix":2,"ix":1,"mn":"ADBE Vector Group","hd":false}],"ip":0,"op":170,"st":0,"bm":0},{"ddd":0,"ind":36,"ty":4,"nm":"Branch","parent":27,"sr":1,"ks":{"o":{"a":0,"k":100,"ix":11},"r":{"a":0,"k":0,"ix":10},"p":{"a":0,"k":[135.45,59.1,0],"ix":2},"a":{"a":0,"k":[0,0,0],"ix":1},"s":{"a":0,"k":[100,100,100],"ix":6}},"ao":0,"shapes":[{"ty":"gr","it":[{"ind":0,"ty":"sh","ix":1,"ks":{"a":0,"k":{"i":[[0,0.31],[0,0],[0.3,0],[0,-0.3],[0,0],[-0.31,0]],"o":[[0,0],[0,-0.3],[-0.31,0],[0,0],[0,0.31],[0.3,0]],"v":[[1.09,44.34],[1.09,0.55],[0.55,0],[0,0.55],[0,44.34],[0.55,44.89]],"c":true},"ix":2},"nm":"Path 1","mn":"ADBE Vector Shape - Group","hd":false},{"ty":"fl","c":{"a":0,"k":[1,1,1,1],"ix":4},"o":{"a":0,"k":100,"ix":5},"r":1,"nm":"Fill 1","mn":"ADBE Vector Graphic - Fill","hd":false},{"ty":"tr","p":{"a":0,"k":[0,0],"ix":2},"a":{"a":0,"k":[0,0],"ix":1},"s":{"a":0,"k":[300,300],"ix":3},"r":{"a":0,"k":0,"ix":6},"o":{"a":0,"k":100,"ix":7},"sk":{"a":0,"k":0,"ix":4},"sa":{"a":0,"k":0,"ix":5},"nm":"Transform"}],"nm":"Group 1","np":2,"cix":2,"ix":1,"mn":"ADBE Vector Group","hd":false}],"ip":0,"op":170,"st":0,"bm":0},{"ddd":0,"ind":37,"ty":4,"nm":"Branch","parent":27,"sr":1,"ks":{"o":{"a":0,"k":100,"ix":11},"r":{"a":0,"k":0,"ix":10},"p":{"a":0,"k":[135.45,192.12,0],"ix":2},"a":{"a":0,"k":[0,0,0],"ix":1},"s":{"a":0,"k":[100,100,100],"ix":6}},"ao":0,"shapes":[{"ty":"gr","it":[{"ind":0,"ty":"sh","ix":1,"ks":{"a":0,"k":{"i":[[0,0.3],[0,0],[0.3,0],[0,-0.3],[0,0],[-0.31,0]],"o":[[0,0],[0,-0.3],[-0.31,0],[0,0],[0,0.3],[0.3,0]],"v":[[1.09,21.9],[1.09,0.55],[0.55,0],[0,0.55],[0,21.9],[0.55,22.45]],"c":true},"ix":2},"nm":"Path 1","mn":"ADBE Vector Shape - Group","hd":false},{"ty":"fl","c":{"a":0,"k":[0.878431022167,0.878431022167,0.878431022167,1],"ix":4},"o":{"a":0,"k":100,"ix":5},"r":1,"nm":"Fill 1","mn":"ADBE Vector Graphic - Fill","hd":false},{"ty":"tr","p":{"a":0,"k":[0,0],"ix":2},"a":{"a":0,"k":[0,0],"ix":1},"s":{"a":0,"k":[300,300],"ix":3},"r":{"a":0,"k":0,"ix":6},"o":{"a":0,"k":100,"ix":7},"sk":{"a":0,"k":0,"ix":4},"sa":{"a":0,"k":0,"ix":5},"nm":"Transform"}],"nm":"Group 1","np":2,"cix":2,"ix":1,"mn":"ADBE Vector Group","hd":false}],"ip":0,"op":170,"st":0,"bm":0},{"ddd":0,"ind":38,"ty":4,"nm":"Ground","parent":27,"sr":1,"ks":{"o":{"a":0,"k":100,"ix":11},"r":{"a":0,"k":0,"ix":10},"p":{"a":0,"k":[1.05,238.08,0],"ix":2},"a":{"a":0,"k":[0,0,0],"ix":1},"s":{"a":0,"k":[100,100,100],"ix":6}},"ao":0,"shapes":[{"ty":"gr","it":[{"ind":0,"ty":"sh","ix":1,"ks":{"a":0,"k":{"i":[[-0.25,0.16],[-4.62,0],[-1.43,-1.35],[-0.07,-0.06],[-3.82,0],[-3.98,1.34],[-0.43,0.15],[-4.05,0],[-11.6,-3.73],[-0.09,0.29],[0.28,0.1],[6.62,0],[4.64,-1.57],[0.2,-0.06],[3.3,0],[1.56,1.47],[0.13,0.12],[2.92,0],[6.27,-3.88],[-0.16,-0.26]],"o":[[6.12,-3.78],[2.62,0],[0.13,0.12],[1.76,1.66],[3.44,0],[0.2,-0.07],[4.53,-1.53],[6.49,0],[0.29,0.09],[0.09,-0.29],[-11.71,-3.75],[-4.19,0],[-0.43,0.14],[-3.89,1.31],[-3.54,0],[-0.07,-0.06],[-1.62,-1.54],[-4.84,0],[-0.26,0.16],[0.16,0.26]],"v":[[0.83,6.76],[16.93,1.09],[21.97,2.89],[22.23,3.14],[29.5,5.47],[39.33,3.61],[40.19,3.32],[51.35,1.23],[78.49,6.82],[79.18,6.46],[78.83,5.77],[51.35,0.14],[39.84,2.29],[38.99,2.57],[29.5,4.38],[22.98,2.34],[22.72,2.1],[16.93,0],[0.26,5.83],[0.08,6.58]],"c":true},"ix":2},"nm":"Path 1","mn":"ADBE Vector Shape - Group","hd":false},{"ty":"fl","c":{"a":0,"k":[0.878431022167,0.878431022167,0.878431022167,1],"ix":4},"o":{"a":0,"k":100,"ix":5},"r":1,"nm":"Fill 1","mn":"ADBE Vector Graphic - Fill","hd":false},{"ty":"tr","p":{"a":0,"k":[0,0],"ix":2},"a":{"a":0,"k":[0,0],"ix":1},"s":{"a":0,"k":[300,300],"ix":3},"r":{"a":0,"k":0,"ix":6},"o":{"a":0,"k":100,"ix":7},"sk":{"a":0,"k":0,"ix":4},"sa":{"a":0,"k":0,"ix":5},"nm":"Transform"}],"nm":"Group 1","np":2,"cix":2,"ix":1,"mn":"ADBE Vector Group","hd":false}],"ip":0,"op":170,"st":0,"bm":0},{"ddd":0,"ind":39,"ty":4,"nm":"Bush","parent":27,"sr":1,"ks":{"o":{"a":0,"k":100,"ix":11},"r":{"a":0,"k":0,"ix":10},"p":{"a":0,"k":[74.79,0,0],"ix":2},"a":{"a":0,"k":[0,0,0],"ix":1},"s":{"a":0,"k":[100,100,100],"ix":6}},"ao":0,"shapes":[{"ty":"gr","it":[{"ind":0,"ty":"sh","ix":1,"ks":{"a":0,"k":{"i":[[3.54,-0.13],[0,-9.3],[0,-5.41],[0,-7.12],[0,14.19],[0,10.94],[5.32,6.34]],"o":[[-4.6,0.18],[0,9.31],[0,5.41],[0,7.11],[0,-14.18],[0,-5.33],[-5.31,-6.34]],"v":[[13.11,5.46],[0,21.88],[6.01,41.59],[1.64,58.01],[39.88,56.91],[29.5,25.72],[30.59,2.18]],"c":true},"ix":2},"nm":"Path 1","mn":"ADBE Vector Shape - Group","hd":false},{"ty":"fl","c":{"a":0,"k":[0.878431022167,0.878431022167,0.878431022167,1],"ix":4},"o":{"a":0,"k":100,"ix":5},"r":1,"nm":"Fill 1","mn":"ADBE Vector Graphic - Fill","hd":false},{"ty":"tr","p":{"a":0,"k":[0,0],"ix":2},"a":{"a":0,"k":[0,0],"ix":1},"s":{"a":0,"k":[300,300],"ix":3},"r":{"a":0,"k":0,"ix":6},"o":{"a":0,"k":100,"ix":7},"sk":{"a":0,"k":0,"ix":4},"sa":{"a":0,"k":0,"ix":5},"nm":"Transform"}],"nm":"Group 1","np":2,"cix":2,"ix":1,"mn":"ADBE Vector Group","hd":false}],"ip":0,"op":170,"st":0,"bm":0},{"ddd":0,"ind":40,"ty":4,"nm":"Bush","parent":27,"sr":1,"ks":{"o":{"a":0,"k":100,"ix":11},"r":{"a":0,"k":0,"ix":10},"p":{"a":0,"k":[15.81,91.95,0],"ix":2},"a":{"a":0,"k":[0,0,0],"ix":1},"s":{"a":0,"k":[100,100,100],"ix":6}},"ao":0,"shapes":[{"ty":"gr","it":[{"ind":0,"ty":"sh","ix":1,"ks":{"a":0,"k":{"i":[[7.65,0],[0,-8.21],[-9.29,0],[0,6.02]],"o":[[-7.64,0],[0,8.21],[9.28,0],[0,-6.02]],"v":[[14.2,0],[0,14.78],[16.39,31.75],[33.87,13.14]],"c":true},"ix":2},"nm":"Path 1","mn":"ADBE Vector Shape - Group","hd":false},{"ty":"fl","c":{"a":0,"k":[0.933332979679,0.933332979679,0.933332979679,1],"ix":4},"o":{"a":0,"k":100,"ix":5},"r":1,"nm":"Fill 1","mn":"ADBE Vector Graphic - Fill","hd":false},{"ty":"tr","p":{"a":0,"k":[0,0],"ix":2},"a":{"a":0,"k":[0,0],"ix":1},"s":{"a":0,"k":[300,300],"ix":3},"r":{"a":0,"k":0,"ix":6},"o":{"a":0,"k":100,"ix":7},"sk":{"a":0,"k":0,"ix":4},"sa":{"a":0,"k":0,"ix":5},"nm":"Transform"}],"nm":"Group 1","np":2,"cix":2,"ix":1,"mn":"ADBE Vector Group","hd":false}],"ip":0,"op":170,"st":0,"bm":0},{"ddd":0,"ind":41,"ty":4,"nm":"Background","sr":1,"ks":{"o":{"a":0,"k":100,"ix":11},"r":{"a":0,"k":0,"ix":10},"p":{"a":0,"k":[225,77.21,0],"ix":2},"a":{"a":0,"k":[0,0,0],"ix":1},"s":{"a":0,"k":[100,100,100],"ix":6}},"ao":0,"shapes":[{"ty":"gr","it":[{"ind":0,"ty":"sh","ix":1,"ks":{"a":0,"k":{"i":[[63.92,0],[0,-38.86],[-76.69,0],[0,38.04]],"o":[[-63.92,0],[0,38.86],[76.69,0],[0,-38.04]],"v":[[108.16,0],[0,145.93],[109.25,229.88],[248,103.93]],"c":true},"ix":2},"nm":"Path 1","mn":"ADBE Vector Shape - Group","hd":false},{"ty":"fl","c":{"a":0,"k":[0.96078401804,0.96078401804,0.96078401804,1],"ix":4},"o":{"a":0,"k":100,"ix":5},"r":1,"nm":"Fill 1","mn":"ADBE Vector Graphic - Fill","hd":false},{"ty":"tr","p":{"a":0,"k":[0,0],"ix":2},"a":{"a":0,"k":[0,0],"ix":1},"s":{"a":0,"k":[300,300],"ix":3},"r":{"a":0,"k":0,"ix":6},"o":{"a":0,"k":100,"ix":7},"sk":{"a":0,"k":0,"ix":4},"sa":{"a":0,"k":0,"ix":5},"nm":"Transform"}],"nm":"Group 1","np":2,"cix":2,"ix":1,"mn":"ADBE Vector Group","hd":false}],"ip":0,"op":170,"st":0,"bm":0}]}