{"v":"4.5.5","fr":60,"ip":0,"op":116,"w":500,"h":500,"ddd":0,"assets":[],"layers":[{"ddd":0,"ind":1,"ty":4,"nm":"UserIcon contornos","ks":{"o":{"a":0,"k":100},"r":{"a":0,"k":0},"p":{"a":0,"k":[250,250,0]},"a":{"a":0,"k":[250,250,0]},"s":{"a":0,"k":[132.195,132.325,100]}},"ao":0,"shapes":[{"ty":"gr","it":[{"ind":0,"ty":"sh","ks":{"a":0,"k":{"i":[[0,0],[-77.194,0],[0,-70.526]],"o":[[0,-70.526],[77.194,0],[0,0]],"v":[[-139.773,63.849],[0,-63.849],[139.772,63.849]],"c":false}},"nm":"Trazado 1","mn":"ADBE Vector Shape - Group"},{"ty":"tm","s":{"a":0,"k":0,"ix":1},"e":{"a":1,"k":[{"i":{"x":[0.833],"y":[0.833]},"o":{"x":[0.333],"y":[0]},"n":["0p833_0p833_0p333_0"],"t":0,"s":[0],"e":[50]},{"i":{"x":[0.667],"y":[1]},"o":{"x":[0.333],"y":[0]},"n":["0p667_1_0p333_0"],"t":62,"s":[50],"e":[100]},{"t":98}],"ix":2},"o":{"a":0,"k":0,"ix":3},"m":1,"ix":2,"nm":"Recortar trazados 1","mn":"ADBE Vector Filter - Trim"},{"ty":"st","c":{"a":0,"k":[1,1,1,1]},"o":{"a":0,"k":100},"w":{"a":0,"k":20},"lc":1,"lj":1,"ml":10,"nm":"Trazo 1","mn":"ADBE Vector Graphic - Stroke"},{"ty":"tr","p":{"a":0,"k":[250,359.651],"ix":2},"a":{"a":0,"k":[0,0],"ix":1},"s":{"a":0,"k":[100,100],"ix":3},"r":{"a":0,"k":0,"ix":6},"o":{"a":0,"k":100,"ix":7},"sk":{"a":0,"k":0,"ix":4},"sa":{"a":0,"k":0,"ix":5},"nm":"Transformar"}],"nm":"Grupo 1","np":3,"mn":"ADBE Vector Group"},{"ty":"gr","it":[{"ind":0,"ty":"sh","ks":{"a":0,"k":{"i":[[0,-51.463],[51.463,0],[0,51.463],[-51.463,0]],"o":[[0,51.463],[-51.463,0],[0,-51.463],[51.463,0]],"v":[[93.182,0],[-0.001,93.182],[-93.182,0],[-0.001,-93.182]],"c":true}},"nm":"Trazado 1","mn":"ADBE Vector Shape - Group"},{"ty":"tm","s":{"a":0,"k":100,"ix":1},"e":{"a":1,"k":[{"i":{"x":[0.667],"y":[1]},"o":{"x":[0.167],"y":[0.167]},"n":["0p667_1_0p167_0p167"],"t":62,"s":[100],"e":[0]},{"t":98}],"ix":2},"o":{"a":0,"k":90,"ix":3},"m":1,"ix":2,"nm":"Recortar trazados 1","mn":"ADBE Vector Filter - Trim"},{"ty":"st","c":{"a":0,"k":[1,1,1,1]},"o":{"a":0,"k":100},"w":{"a":0,"k":20},"lc":1,"lj":1,"ml":10,"nm":"Trazo 1","mn":"ADBE Vector Graphic - Stroke"},{"ty":"tr","p":{"a":0,"k":[250,163.754],"ix":2},"a":{"a":0,"k":[0,0],"ix":1},"s":{"a":0,"k":[100,100],"ix":3},"r":{"a":0,"k":0,"ix":6},"o":{"a":0,"k":100,"ix":7},"sk":{"a":0,"k":0,"ix":4},"sa":{"a":0,"k":0,"ix":5},"nm":"Transformar"}],"nm":"Grupo 2","np":3,"mn":"ADBE Vector Group"}],"ip":0,"op":117,"st":0,"bm":0,"sr":1}]}